-- phpMyAdmin SQL Dump
-- version 4.9.7
-- https://www.phpmyadmin.net/
--
-- Host: localhost:3306
-- Generation Time: Mar 05, 2022 at 01:18 AM
-- Server version: 5.7.31-cll-lve
-- PHP Version: 7.3.33

SET SQL_MODE = "NO_AUTO_VALUE_ON_ZERO";
SET AUTOCOMMIT = 0;
START TRANSACTION;
SET time_zone = "+00:00";


/*!40101 SET @OLD_CHARACTER_SET_CLIENT=@@CHARACTER_SET_CLIENT */;
/*!40101 SET @OLD_CHARACTER_SET_RESULTS=@@CHARACTER_SET_RESULTS */;
/*!40101 SET @OLD_COLLATION_CONNECTION=@@COLLATION_CONNECTION */;
/*!40101 SET NAMES utf8mb4 */;

--
-- Database: `cakeries_db`
--

-- --------------------------------------------------------

--
-- Table structure for table `categories`
--

CREATE TABLE `categories` (
  `id` int(10) UNSIGNED NOT NULL,
  `name` varchar(225) COLLATE utf8mb4_unicode_ci NOT NULL,
  `status` tinyint(1) NOT NULL,
  `created_at` timestamp NULL DEFAULT NULL,
  `updated_at` timestamp NULL DEFAULT NULL
) ENGINE=MyISAM DEFAULT CHARSET=utf8mb4 COLLATE=utf8mb4_unicode_ci;

--
-- Dumping data for table `categories`
--

INSERT INTO `categories` (`id`, `name`, `status`, `created_at`, `updated_at`) VALUES
(1, 'Wedding Cakes', 1, '2020-10-07 15:54:59', '2020-10-07 15:54:59'),
(2, 'Men\'s Cake', 1, '2020-10-07 15:56:37', '2020-10-07 15:56:37'),
(3, 'Special Event Cakes', 1, '2020-10-07 15:56:58', '2020-10-07 15:56:58'),
(4, 'Boy\'s Cakes', 1, '2020-10-07 15:57:14', '2020-10-07 15:57:14'),
(5, 'Cupcakes', 1, '2020-10-07 15:57:26', '2020-10-07 15:57:26'),
(6, 'Girl\'s Cakes', 1, '2020-10-07 15:57:36', '2020-10-07 15:57:36'),
(7, 'Ladies Cake', 1, '2020-10-07 15:57:47', '2020-10-07 15:57:47');

-- --------------------------------------------------------

--
-- Table structure for table `contacts`
--

CREATE TABLE `contacts` (
  `id` int(10) UNSIGNED NOT NULL,
  `name` varchar(225) COLLATE utf8mb4_unicode_ci NOT NULL,
  `email` varchar(225) COLLATE utf8mb4_unicode_ci NOT NULL,
  `phone` varchar(225) COLLATE utf8mb4_unicode_ci NOT NULL,
  `message` text COLLATE utf8mb4_unicode_ci NOT NULL,
  `status` tinyint(1) NOT NULL,
  `created_at` timestamp NULL DEFAULT NULL,
  `updated_at` timestamp NULL DEFAULT NULL
) ENGINE=MyISAM DEFAULT CHARSET=utf8mb4 COLLATE=utf8mb4_unicode_ci;

-- --------------------------------------------------------

--
-- Table structure for table `images`
--

CREATE TABLE `images` (
  `id` int(10) UNSIGNED NOT NULL,
  `product_id` int(10) UNSIGNED NOT NULL,
  `source` varchar(225) COLLATE utf8mb4_unicode_ci NOT NULL,
  `created_at` timestamp NULL DEFAULT NULL,
  `updated_at` timestamp NULL DEFAULT NULL
) ENGINE=MyISAM DEFAULT CHARSET=utf8mb4 COLLATE=utf8mb4_unicode_ci;

--
-- Dumping data for table `images`
--

INSERT INTO `images` (`id`, `product_id`, `source`, `created_at`, `updated_at`) VALUES
(1, 1, '1602985806.jpg', '2020-10-18 07:50:06', '2020-10-18 07:50:06'),
(2, 2, '1602985827.jpg', '2020-10-18 07:50:27', '2020-10-18 07:50:27'),
(3, 3, '1602985845.jpg', '2020-10-18 07:50:45', '2020-10-18 07:50:45'),
(4, 4, '1602985865.jpg', '2020-10-18 07:51:05', '2020-10-18 07:51:05'),
(5, 5, '1602985882.jpg', '2020-10-18 07:51:22', '2020-10-18 07:51:22'),
(6, 6, '1602985899.jpg', '2020-10-18 07:51:39', '2020-10-18 07:51:39'),
(7, 7, '1602985915.jpg', '2020-10-18 07:51:55', '2020-10-18 07:51:55'),
(8, 8, '1602985930.jpg', '2020-10-18 07:52:10', '2020-10-18 07:52:10'),
(9, 9, '1602985949.jpg', '2020-10-18 07:52:29', '2020-10-18 07:52:29'),
(10, 10, '1602985990.jpg', '2020-10-18 07:53:10', '2020-10-18 07:53:10'),
(11, 11, '1602986004.jpg', '2020-10-18 07:53:24', '2020-10-18 07:53:24'),
(12, 12, '1602986021.jpg', '2020-10-18 07:53:41', '2020-10-18 07:53:41'),
(13, 13, '1602986041.jpg', '2020-10-18 07:54:01', '2020-10-18 07:54:01'),
(14, 14, '1602986055.jpg', '2020-10-18 07:54:15', '2020-10-18 07:54:15'),
(15, 15, '1602986070.jpg', '2020-10-18 07:54:30', '2020-10-18 07:54:30'),
(16, 16, '1602986090.jpg', '2020-10-18 07:54:50', '2020-10-18 07:54:50'),
(17, 17, '1602986106.jpg', '2020-10-18 07:55:06', '2020-10-18 07:55:06'),
(18, 18, '1602986128.jpg', '2020-10-18 07:55:28', '2020-10-18 07:55:28'),
(19, 19, '1602986148.jpg', '2020-10-18 07:55:48', '2020-10-18 07:55:48'),
(20, 20, '1602986164.jpg', '2020-10-18 07:56:04', '2020-10-18 07:56:04'),
(21, 21, '1602986183.jpg', '2020-10-18 07:56:23', '2020-10-18 07:56:23'),
(22, 22, '1602986209.jpg', '2020-10-18 07:56:49', '2020-10-18 07:56:49'),
(23, 23, '1602986227.jpg', '2020-10-18 07:57:07', '2020-10-18 07:57:07'),
(24, 24, '1602986253.jpg', '2020-10-18 07:57:33', '2020-10-18 07:57:33'),
(25, 25, '1602986271.jpg', '2020-10-18 07:57:51', '2020-10-18 07:57:51'),
(26, 26, '1602986295.jpg', '2020-10-18 07:58:15', '2020-10-18 07:58:15'),
(27, 27, '1602986313.jpg', '2020-10-18 07:58:33', '2020-10-18 07:58:33'),
(28, 28, '1602986333.jpg', '2020-10-18 07:58:53', '2020-10-18 07:58:53'),
(29, 29, '1602986353.jpg', '2020-10-18 07:59:13', '2020-10-18 07:59:13'),
(30, 30, '1602986375.jpg', '2020-10-18 07:59:35', '2020-10-18 07:59:35'),
(31, 31, '1602986403.jpg', '2020-10-18 08:00:03', '2020-10-18 08:00:03'),
(32, 32, '1602986433.jpg', '2020-10-18 08:00:33', '2020-10-18 08:00:33'),
(33, 33, '1602986452.jpg', '2020-10-18 08:00:52', '2020-10-18 08:00:52'),
(34, 34, '1602986475.jpg', '2020-10-18 08:01:15', '2020-10-18 08:01:15'),
(35, 35, '1602986493.jpg', '2020-10-18 08:01:33', '2020-10-18 08:01:33'),
(36, 36, '1602986510.jpg', '2020-10-18 08:01:50', '2020-10-18 08:01:50'),
(37, 37, '1602986534.jpg', '2020-10-18 08:02:14', '2020-10-18 08:02:14'),
(38, 38, '1602986552.jpg', '2020-10-18 08:02:32', '2020-10-18 08:02:32'),
(39, 39, '1602986573.jpg', '2020-10-18 08:02:53', '2020-10-18 08:02:53'),
(40, 40, '1602986593.jpg', '2020-10-18 08:03:13', '2020-10-18 08:03:13'),
(41, 41, '1602986612.jpg', '2020-10-18 08:03:32', '2020-10-18 08:03:32'),
(42, 42, '1602986630.jpg', '2020-10-18 08:03:50', '2020-10-18 08:03:50'),
(43, 43, '1602986650.jpg', '2020-10-18 08:04:10', '2020-10-18 08:04:10'),
(44, 44, '1602986665.jpg', '2020-10-18 08:04:25', '2020-10-18 08:04:25'),
(45, 45, '1602986683.jpg', '2020-10-18 08:04:43', '2020-10-18 08:04:43'),
(46, 46, '1602986706.jpg', '2020-10-18 08:05:06', '2020-10-18 08:05:06'),
(47, 47, '1602986722.jpg', '2020-10-18 08:05:22', '2020-10-18 08:05:22'),
(48, 48, '1602986739.jpg', '2020-10-18 08:05:39', '2020-10-18 08:05:39'),
(49, 49, '1602986763.jpg', '2020-10-18 08:06:03', '2020-10-18 08:06:03'),
(50, 50, '1602986778.jpg', '2020-10-18 08:06:18', '2020-10-18 08:06:18'),
(51, 51, '1602986795.jpg', '2020-10-18 08:06:35', '2020-10-18 08:06:35'),
(52, 52, '1602986813.jpg', '2020-10-18 08:06:53', '2020-10-18 08:06:53'),
(53, 53, '1602986826.jpg', '2020-10-18 08:07:06', '2020-10-18 08:07:06'),
(54, 54, '1602986872.jpg', '2020-10-18 08:07:52', '2020-10-18 08:07:52'),
(55, 55, '1602986886.jpg', '2020-10-18 08:08:06', '2020-10-18 08:08:06'),
(56, 56, '1602986903.jpg', '2020-10-18 08:08:23', '2020-10-18 08:08:23'),
(57, 57, '1602986918.jpg', '2020-10-18 08:08:38', '2020-10-18 08:08:38'),
(58, 58, '1602986935.jpg', '2020-10-18 08:08:55', '2020-10-18 08:08:55'),
(59, 59, '1602986948.jpg', '2020-10-18 08:09:08', '2020-10-18 08:09:08'),
(60, 60, '1602986967.jpg', '2020-10-18 08:09:27', '2020-10-18 08:09:27'),
(61, 61, '1602986982.jpg', '2020-10-18 08:09:42', '2020-10-18 08:09:42'),
(62, 62, '1602986997.jpg', '2020-10-18 08:09:57', '2020-10-18 08:09:57'),
(63, 63, '1602987020.jpg', '2020-10-18 08:10:20', '2020-10-18 08:10:20'),
(64, 64, '1602987039.jpg', '2020-10-18 08:10:39', '2020-10-18 08:10:39'),
(65, 65, '1602987054.jpg', '2020-10-18 08:10:54', '2020-10-18 08:10:54'),
(66, 66, '1602987083.jpg', '2020-10-18 08:11:23', '2020-10-18 08:11:23'),
(67, 67, '1602987098.jpg', '2020-10-18 08:11:38', '2020-10-18 08:11:38'),
(68, 68, '1602987113.jpg', '2020-10-18 08:11:53', '2020-10-18 08:11:53'),
(69, 69, '1602987136.jpg', '2020-10-18 08:12:16', '2020-10-18 08:12:16'),
(70, 70, '1602987154.jpg', '2020-10-18 08:12:34', '2020-10-18 08:12:34'),
(71, 71, '1602987180.jpg', '2020-10-18 08:13:00', '2020-10-18 08:13:00'),
(72, 72, '1602987202.jpg', '2020-10-18 08:13:22', '2020-10-18 08:13:22'),
(73, 73, '1602987225.jpg', '2020-10-18 08:13:45', '2020-10-18 08:13:45'),
(74, 74, '1602987244.jpg', '2020-10-18 08:14:04', '2020-10-18 08:14:04'),
(75, 75, '1602987263.jpg', '2020-10-18 08:14:23', '2020-10-18 08:14:23'),
(76, 76, '1602987290.jpg', '2020-10-18 08:14:50', '2020-10-18 08:14:50'),
(77, 77, '1602987308.jpg', '2020-10-18 08:15:08', '2020-10-18 08:15:08'),
(78, 78, '1602987327.jpg', '2020-10-18 08:15:27', '2020-10-18 08:15:27'),
(79, 79, '1602987347.jpg', '2020-10-18 08:15:47', '2020-10-18 08:15:47'),
(80, 80, '1602987365.jpg', '2020-10-18 08:16:05', '2020-10-18 08:16:05'),
(81, 81, '1602987412.jpg', '2020-10-18 08:16:52', '2020-10-18 08:16:52'),
(82, 82, '1602987428.jpg', '2020-10-18 08:17:08', '2020-10-18 08:17:08'),
(83, 83, '1602987444.jpg', '2020-10-18 08:17:24', '2020-10-18 08:17:24'),
(84, 84, '1602987475.jpg', '2020-10-18 08:17:55', '2020-10-18 08:17:55'),
(85, 85, '1602987490.jpg', '2020-10-18 08:18:10', '2020-10-18 08:18:10'),
(86, 86, '1602987508.jpg', '2020-10-18 08:18:28', '2020-10-18 08:18:28'),
(87, 87, '1602987527.jpg', '2020-10-18 08:18:47', '2020-10-18 08:18:47'),
(88, 88, '1602987542.jpg', '2020-10-18 08:19:02', '2020-10-18 08:19:02'),
(89, 89, '1602987561.jpg', '2020-10-18 08:19:21', '2020-10-18 08:19:21'),
(90, 90, '1602987601.jpg', '2020-10-18 08:20:01', '2020-10-18 08:20:01'),
(91, 91, '1602987619.jpg', '2020-10-18 08:20:19', '2020-10-18 08:20:19'),
(92, 92, '1602987635.jpg', '2020-10-18 08:20:35', '2020-10-18 08:20:35'),
(93, 93, '1602987649.jpg', '2020-10-18 08:20:49', '2020-10-18 08:20:49'),
(94, 94, '1602987664.jpg', '2020-10-18 08:21:04', '2020-10-18 08:21:04'),
(95, 95, '1602987681.jpg', '2020-10-18 08:21:21', '2020-10-18 08:21:21'),
(96, 96, '1602987797.jpg', '2020-10-18 08:23:17', '2020-10-18 08:23:17'),
(97, 97, '1602987808.jpg', '2020-10-18 08:23:28', '2020-10-18 08:23:28'),
(98, 98, '1602987821.jpg', '2020-10-18 08:23:41', '2020-10-18 08:23:41'),
(99, 99, '1602987836.jpg', '2020-10-18 08:23:56', '2020-10-18 08:23:56'),
(100, 100, '1602987854.jpg', '2020-10-18 08:24:14', '2020-10-18 08:24:14'),
(101, 101, '1602987865.jpg', '2020-10-18 08:24:25', '2020-10-18 08:24:25'),
(102, 102, '1602987882.jpg', '2020-10-18 08:24:42', '2020-10-18 08:24:42'),
(103, 103, '1602987895.jpg', '2020-10-18 08:24:55', '2020-10-18 08:24:55'),
(104, 104, '1602987916.jpg', '2020-10-18 08:25:16', '2020-10-18 08:25:16'),
(105, 105, '1602987941.jpg', '2020-10-18 08:25:41', '2020-10-18 08:25:41'),
(106, 106, '1602987957.jpg', '2020-10-18 08:25:57', '2020-10-18 08:25:57'),
(107, 107, '1602987975.jpg', '2020-10-18 08:26:15', '2020-10-18 08:26:15'),
(108, 108, '1602987990.jpg', '2020-10-18 08:26:30', '2020-10-18 08:26:30'),
(109, 109, '1602988007.jpg', '2020-10-18 08:26:47', '2020-10-18 08:26:47'),
(110, 110, '1602988022.jpg', '2020-10-18 08:27:02', '2020-10-18 08:27:02'),
(111, 111, '1602988044.jpg', '2020-10-18 08:27:24', '2020-10-18 08:27:24'),
(112, 112, '1602988061.jpg', '2020-10-18 08:27:41', '2020-10-18 08:27:41'),
(113, 113, '1602988078.jpg', '2020-10-18 08:27:58', '2020-10-18 08:27:58'),
(114, 114, '1602988095.jpg', '2020-10-18 08:28:15', '2020-10-18 08:28:15'),
(115, 115, '1602988111.jpg', '2020-10-18 08:28:31', '2020-10-18 08:28:31'),
(116, 116, '1602988127.jpg', '2020-10-18 08:28:47', '2020-10-18 08:28:47'),
(117, 117, '1602988159.jpg', '2020-10-18 08:29:19', '2020-10-18 08:29:19'),
(118, 118, '1602988179.jpg', '2020-10-18 08:29:39', '2020-10-18 08:29:39'),
(119, 119, '1602988201.jpg', '2020-10-18 08:30:01', '2020-10-18 08:30:01'),
(120, 120, '1602988221.jpg', '2020-10-18 08:30:21', '2020-10-18 08:30:21'),
(121, 121, '1602988236.jpg', '2020-10-18 08:30:36', '2020-10-18 08:30:36'),
(122, 122, '1602988277.jpg', '2020-10-18 08:31:17', '2020-10-18 08:31:17'),
(123, 123, '1602988301.jpg', '2020-10-18 08:31:41', '2020-10-18 08:31:41'),
(124, 124, '1602988317.jpg', '2020-10-18 08:31:57', '2020-10-18 08:31:57'),
(125, 125, '1602988343.jpg', '2020-10-18 08:32:23', '2020-10-18 08:32:23'),
(126, 126, '1602988377.jpg', '2020-10-18 08:32:57', '2020-10-18 08:32:57'),
(127, 127, '1602988392.jpg', '2020-10-18 08:33:12', '2020-10-18 08:33:12'),
(128, 128, '1602988419.jpg', '2020-10-18 08:33:39', '2020-10-18 08:33:39'),
(129, 129, '1602988440.jpg', '2020-10-18 08:34:00', '2020-10-18 08:34:00'),
(130, 130, '1602988455.jpg', '2020-10-18 08:34:15', '2020-10-18 08:34:15'),
(131, 131, '1602988478.jpg', '2020-10-18 08:34:38', '2020-10-18 08:34:38'),
(132, 132, '1602988516.jpg', '2020-10-18 08:35:16', '2020-10-18 08:35:16'),
(133, 133, '1602988531.jpg', '2020-10-18 08:35:31', '2020-10-18 08:35:31'),
(134, 134, '1602988548.jpg', '2020-10-18 08:35:48', '2020-10-18 08:35:48'),
(135, 135, '1602988573.jpg', '2020-10-18 08:36:13', '2020-10-18 08:36:13'),
(136, 136, '1602988594.jpg', '2020-10-18 08:36:34', '2020-10-18 08:36:34'),
(137, 137, '1602988613.jpg', '2020-10-18 08:36:53', '2020-10-18 08:36:53'),
(138, 138, '1602988652.jpg', '2020-10-18 08:37:32', '2020-10-18 08:37:32'),
(139, 139, '1602988678.jpg', '2020-10-18 08:37:58', '2020-10-18 08:37:58'),
(140, 140, '1602988700.jpg', '2020-10-18 08:38:20', '2020-10-18 08:38:20'),
(141, 141, '1602988724.jpg', '2020-10-18 08:38:44', '2020-10-18 08:38:44'),
(142, 142, '1602988747.jpg', '2020-10-18 08:39:07', '2020-10-18 08:39:07'),
(143, 143, '1602988767.jpg', '2020-10-18 08:39:27', '2020-10-18 08:39:27'),
(144, 144, '1602988798.jpg', '2020-10-18 08:39:58', '2020-10-18 08:39:58'),
(145, 145, '1602988820.jpg', '2020-10-18 08:40:20', '2020-10-18 08:40:20'),
(146, 146, '1602988848.jpg', '2020-10-18 08:40:48', '2020-10-18 08:40:48'),
(147, 147, '1602988866.jpg', '2020-10-18 08:41:06', '2020-10-18 08:41:06'),
(148, 148, '1602988884.jpg', '2020-10-18 08:41:24', '2020-10-18 08:41:24'),
(149, 149, '1602988910.jpg', '2020-10-18 08:41:50', '2020-10-18 08:41:50'),
(150, 150, '1602988936.jpg', '2020-10-18 08:42:16', '2020-10-18 08:42:16'),
(151, 151, '1602988957.jpg', '2020-10-18 08:42:37', '2020-10-18 08:42:37'),
(152, 152, '1602988980.jpg', '2020-10-18 08:43:00', '2020-10-18 08:43:00'),
(153, 153, '1602989014.jpg', '2020-10-18 08:43:34', '2020-10-18 08:43:34'),
(154, 154, '1602989034.jpg', '2020-10-18 08:43:54', '2020-10-18 08:43:54'),
(155, 155, '1602989048.jpg', '2020-10-18 08:44:08', '2020-10-18 08:44:08'),
(156, 156, '1602989072.jpg', '2020-10-18 08:44:32', '2020-10-18 08:44:32'),
(157, 157, '1602989110.jpg', '2020-10-18 08:45:10', '2020-10-18 08:45:10'),
(158, 158, '1602989128.jpg', '2020-10-18 08:45:28', '2020-10-18 08:45:28'),
(159, 159, '1602989150.jpg', '2020-10-18 08:45:50', '2020-10-18 08:45:50'),
(160, 160, '1602989172.jpg', '2020-10-18 08:46:12', '2020-10-18 08:46:12'),
(161, 161, '1602989198.jpg', '2020-10-18 08:46:38', '2020-10-18 08:46:38'),
(162, 162, '1602989230.jpg', '2020-10-18 08:47:10', '2020-10-18 08:47:10'),
(163, 163, '1602989255.jpg', '2020-10-18 08:47:35', '2020-10-18 08:47:35'),
(164, 164, '1602989277.jpg', '2020-10-18 08:47:57', '2020-10-18 08:47:57'),
(165, 165, '1602989304.jpg', '2020-10-18 08:48:24', '2020-10-18 08:48:24'),
(166, 166, '1602989324.jpg', '2020-10-18 08:48:44', '2020-10-18 08:48:44'),
(167, 167, '1602989346.jpg', '2020-10-18 08:49:06', '2020-10-18 08:49:06'),
(168, 168, '1602989368.jpg', '2020-10-18 08:49:28', '2020-10-18 08:49:28'),
(169, 169, '1602989390.jpg', '2020-10-18 08:49:50', '2020-10-18 08:49:50'),
(170, 170, '1602989414.jpg', '2020-10-18 08:50:14', '2020-10-18 08:50:14'),
(171, 171, '1602989430.jpg', '2020-10-18 08:50:30', '2020-10-18 08:50:30'),
(172, 172, '1602989447.jpg', '2020-10-18 08:50:47', '2020-10-18 08:50:47'),
(173, 173, '1602989473.jpg', '2020-10-18 08:51:13', '2020-10-18 08:51:13'),
(174, 174, '1602989494.jpg', '2020-10-18 08:51:34', '2020-10-18 08:51:34'),
(175, 175, '1602989513.jpg', '2020-10-18 08:51:53', '2020-10-18 08:51:53'),
(176, 176, '1602989540.jpg', '2020-10-18 08:52:20', '2020-10-18 08:52:20'),
(177, 177, '1602989589.jpg', '2020-10-18 08:53:09', '2020-10-18 08:53:09'),
(178, 178, '1602989614.jpg', '2020-10-18 08:53:34', '2020-10-18 08:53:34'),
(179, 179, '1602989629.jpg', '2020-10-18 08:53:49', '2020-10-18 08:53:49'),
(180, 180, '1602989649.jpg', '2020-10-18 08:54:09', '2020-10-18 08:54:09'),
(181, 181, '1602989668.jpg', '2020-10-18 08:54:28', '2020-10-18 08:54:28'),
(182, 182, '1602989684.jpg', '2020-10-18 08:54:44', '2020-10-18 08:54:44'),
(183, 183, '1602989700.jpg', '2020-10-18 08:55:00', '2020-10-18 08:55:00'),
(184, 184, '1602989719.jpg', '2020-10-18 08:55:19', '2020-10-18 08:55:19'),
(185, 185, '1602989743.jpg', '2020-10-18 08:55:43', '2020-10-18 08:55:43'),
(186, 186, '1602989766.jpg', '2020-10-18 08:56:06', '2020-10-18 08:56:06'),
(187, 187, '1602989781.jpg', '2020-10-18 08:56:21', '2020-10-18 08:56:21'),
(188, 188, '1602989798.jpg', '2020-10-18 08:56:38', '2020-10-18 08:56:38'),
(189, 189, '1602989811.jpg', '2020-10-18 08:56:51', '2020-10-18 08:56:51'),
(190, 190, '1602989825.jpg', '2020-10-18 08:57:05', '2020-10-18 08:57:05'),
(191, 191, '1602989842.jpg', '2020-10-18 08:57:22', '2020-10-18 08:57:22'),
(192, 192, '1602989859.jpg', '2020-10-18 08:57:39', '2020-10-18 08:57:39'),
(193, 193, '1602989874.jpg', '2020-10-18 08:57:54', '2020-10-18 08:57:54'),
(194, 194, '1602989889.jpg', '2020-10-18 08:58:09', '2020-10-18 08:58:09'),
(195, 195, '1602989914.jpg', '2020-10-18 08:58:34', '2020-10-18 08:58:34'),
(196, 196, '1602989926.jpg', '2020-10-18 08:58:46', '2020-10-18 08:58:46'),
(197, 197, '1602989939.jpg', '2020-10-18 08:58:59', '2020-10-18 08:58:59'),
(198, 198, '1602989951.jpg', '2020-10-18 08:59:11', '2020-10-18 08:59:11'),
(199, 199, '1602989967.jpg', '2020-10-18 08:59:27', '2020-10-18 08:59:27'),
(200, 200, '1602989978.jpg', '2020-10-18 08:59:38', '2020-10-18 08:59:38'),
(201, 201, '1602989995.jpg', '2020-10-18 08:59:55', '2020-10-18 08:59:55'),
(202, 202, '1602990010.jpg', '2020-10-18 09:00:10', '2020-10-18 09:00:10'),
(203, 203, '1602990037.jpg', '2020-10-18 09:00:37', '2020-10-18 09:00:37'),
(204, 204, '1602990053.jpg', '2020-10-18 09:00:53', '2020-10-18 09:00:53'),
(205, 205, '1602990066.jpg', '2020-10-18 09:01:06', '2020-10-18 09:01:06'),
(206, 206, '1602990079.jpg', '2020-10-18 09:01:19', '2020-10-18 09:01:19'),
(207, 207, '1602990096.jpg', '2020-10-18 09:01:37', '2020-10-18 09:01:37'),
(208, 208, '1602990123.jpg', '2020-10-18 09:02:03', '2020-10-18 09:02:03'),
(209, 209, '1602990136.jpg', '2020-10-18 09:02:16', '2020-10-18 09:02:16'),
(210, 210, '1602990151.jpg', '2020-10-18 09:02:31', '2020-10-18 09:02:31'),
(211, 211, '1602990269.jpg', '2020-10-18 09:04:29', '2020-10-18 09:04:29'),
(212, 212, '1602990283.jpg', '2020-10-18 09:04:43', '2020-10-18 09:04:43'),
(213, 213, '1602990301.jpg', '2020-10-18 09:05:01', '2020-10-18 09:05:01'),
(214, 214, '1602990320.jpg', '2020-10-18 09:05:20', '2020-10-18 09:05:20'),
(215, 215, '1602990336.jpg', '2020-10-18 09:05:36', '2020-10-18 09:05:36'),
(216, 216, '1602990351.jpg', '2020-10-18 09:05:51', '2020-10-18 09:05:51'),
(217, 217, '1602990369.jpg', '2020-10-18 09:06:09', '2020-10-18 09:06:09'),
(218, 218, '1602990392.jpg', '2020-10-18 09:06:32', '2020-10-18 09:06:32'),
(219, 219, '1602990412.jpg', '2020-10-18 09:06:52', '2020-10-18 09:06:52'),
(220, 220, '1602990433.jpg', '2020-10-18 09:07:13', '2020-10-18 09:07:13'),
(221, 221, '1602990445.jpg', '2020-10-18 09:07:25', '2020-10-18 09:07:25'),
(222, 222, '1602990461.jpg', '2020-10-18 09:07:41', '2020-10-18 09:07:41'),
(223, 223, '1602990482.jpg', '2020-10-18 09:08:02', '2020-10-18 09:08:02'),
(224, 224, '1602990547.jpg', '2020-10-18 09:09:07', '2020-10-18 09:09:07'),
(225, 225, '1602990569.jpg', '2020-10-18 09:09:29', '2020-10-18 09:09:29'),
(226, 226, '1602990601.jpg', '2020-10-18 09:10:01', '2020-10-18 09:10:01'),
(227, 227, '1602990624.jpg', '2020-10-18 09:10:24', '2020-10-18 09:10:24'),
(228, 228, '1602990640.jpg', '2020-10-18 09:10:40', '2020-10-18 09:10:40'),
(229, 229, '1602990657.jpg', '2020-10-18 09:10:57', '2020-10-18 09:10:57'),
(230, 230, '1602990696.jpg', '2020-10-18 09:11:36', '2020-10-18 09:11:36'),
(231, 231, '1602990711.jpg', '2020-10-18 09:11:51', '2020-10-18 09:11:51'),
(232, 232, '1602990727.jpg', '2020-10-18 09:12:07', '2020-10-18 09:12:07'),
(233, 233, '1602990748.jpg', '2020-10-18 09:12:28', '2020-10-18 09:12:28'),
(234, 234, '1602990766.jpg', '2020-10-18 09:12:46', '2020-10-18 09:12:46'),
(235, 235, '1602990815.jpg', '2020-10-18 09:13:35', '2020-10-18 09:13:35'),
(236, 236, '1602990837.jpg', '2020-10-18 09:13:57', '2020-10-18 09:13:57'),
(237, 237, '1602990855.jpg', '2020-10-18 09:14:15', '2020-10-18 09:14:15'),
(238, 238, '1602990890.jpg', '2020-10-18 09:14:50', '2020-10-18 09:14:50'),
(239, 239, '1602990907.jpg', '2020-10-18 09:15:07', '2020-10-18 09:15:07'),
(240, 240, '1602990929.jpg', '2020-10-18 09:15:29', '2020-10-18 09:15:29'),
(241, 241, '1602990957.jpg', '2020-10-18 09:15:57', '2020-10-18 09:15:57'),
(242, 242, '1602990979.jpg', '2020-10-18 09:16:19', '2020-10-18 09:16:19'),
(243, 243, '1602990995.jpg', '2020-10-18 09:16:35', '2020-10-18 09:16:35'),
(244, 244, '1602991014.jpg', '2020-10-18 09:16:54', '2020-10-18 09:16:54'),
(245, 245, '1602991032.jpg', '2020-10-18 09:17:12', '2020-10-18 09:17:12'),
(246, 246, '1602991053.jpg', '2020-10-18 09:17:33', '2020-10-18 09:17:33'),
(247, 247, '1602991072.jpg', '2020-10-18 09:17:52', '2020-10-18 09:17:52'),
(248, 248, '1602991096.jpg', '2020-10-18 09:18:16', '2020-10-18 09:18:16'),
(249, 249, '1602991152.jpg', '2020-10-18 09:19:12', '2020-10-18 09:19:12'),
(250, 250, '1602991168.jpg', '2020-10-18 09:19:28', '2020-10-18 09:19:28'),
(251, 251, '1602991187.jpg', '2020-10-18 09:19:47', '2020-10-18 09:19:47'),
(252, 252, '1602991209.jpg', '2020-10-18 09:20:09', '2020-10-18 09:20:09'),
(253, 253, '1602991238.jpg', '2020-10-18 09:20:38', '2020-10-18 09:20:38'),
(254, 254, '1602991260.jpg', '2020-10-18 09:21:00', '2020-10-18 09:21:00'),
(255, 255, '1602991280.jpg', '2020-10-18 09:21:20', '2020-10-18 09:21:20'),
(256, 256, '1602991309.jpg', '2020-10-18 09:21:49', '2020-10-18 09:21:49'),
(257, 257, '1602991331.jpg', '2020-10-18 09:22:11', '2020-10-18 09:22:11'),
(258, 258, '1602991365.jpg', '2020-10-18 09:22:45', '2020-10-18 09:22:45'),
(259, 259, '1602991382.jpg', '2020-10-18 09:23:02', '2020-10-18 09:23:02'),
(260, 260, '1602991406.jpg', '2020-10-18 09:23:26', '2020-10-18 09:23:26'),
(261, 261, '1602991429.jpg', '2020-10-18 09:23:49', '2020-10-18 09:23:49'),
(262, 262, '1602991504.jpg', '2020-10-18 09:25:04', '2020-10-18 09:25:04'),
(263, 263, '1602991527.jpg', '2020-10-18 09:25:27', '2020-10-18 09:25:27'),
(264, 264, '1602991552.jpg', '2020-10-18 09:25:52', '2020-10-18 09:25:52'),
(265, 265, '1602991580.jpg', '2020-10-18 09:26:20', '2020-10-18 09:26:20'),
(266, 266, '1602991606.jpg', '2020-10-18 09:26:46', '2020-10-18 09:26:46'),
(267, 267, '1602991624.jpg', '2020-10-18 09:27:04', '2020-10-18 09:27:04'),
(268, 268, '1602991644.jpg', '2020-10-18 09:27:24', '2020-10-18 09:27:24'),
(269, 269, '1602991663.jpg', '2020-10-18 09:27:43', '2020-10-18 09:27:43'),
(270, 270, '1602991679.jpg', '2020-10-18 09:27:59', '2020-10-18 09:27:59'),
(271, 271, '1602991695.jpg', '2020-10-18 09:28:15', '2020-10-18 09:28:15'),
(272, 272, '1602991711.jpg', '2020-10-18 09:28:31', '2020-10-18 09:28:31'),
(273, 273, '1602991728.jpg', '2020-10-18 09:28:48', '2020-10-18 09:28:48'),
(274, 274, '1602991749.jpg', '2020-10-18 09:29:09', '2020-10-18 09:29:09'),
(275, 275, '1602991766.jpg', '2020-10-18 09:29:26', '2020-10-18 09:29:26'),
(276, 276, '1602991788.jpg', '2020-10-18 09:29:48', '2020-10-18 09:29:48'),
(277, 277, '1602991810.jpg', '2020-10-18 09:30:10', '2020-10-18 09:30:10'),
(278, 278, '1602991829.jpg', '2020-10-18 09:30:29', '2020-10-18 09:30:29'),
(279, 279, '1602991830.jpg', '2020-10-18 09:30:30', '2020-10-18 09:30:30'),
(280, 280, '1602991848.jpg', '2020-10-18 09:30:48', '2020-10-18 09:30:48'),
(281, 281, '1602991872.jpg', '2020-10-18 09:31:12', '2020-10-18 09:31:12'),
(282, 282, '1602991895.jpg', '2020-10-18 09:31:35', '2020-10-18 09:31:35'),
(283, 283, '1602991914.jpg', '2020-10-18 09:31:54', '2020-10-18 09:31:54'),
(284, 284, '1602991932.jpg', '2020-10-18 09:32:12', '2020-10-18 09:32:12'),
(285, 285, '1602991950.jpg', '2020-10-18 09:32:30', '2020-10-18 09:32:30'),
(286, 286, '1602991971.jpg', '2020-10-18 09:32:51', '2020-10-18 09:32:51'),
(287, 287, '1602991987.jpg', '2020-10-18 09:33:07', '2020-10-18 09:33:07'),
(288, 288, '1602992005.jpg', '2020-10-18 09:33:25', '2020-10-18 09:33:25'),
(289, 289, '1602992020.jpg', '2020-10-18 09:33:40', '2020-10-18 09:33:40'),
(290, 290, '1602992036.jpg', '2020-10-18 09:33:56', '2020-10-18 09:33:56'),
(291, 291, '1602992051.jpg', '2020-10-18 09:34:11', '2020-10-18 09:34:11'),
(292, 292, '1602992080.jpg', '2020-10-18 09:34:40', '2020-10-18 09:34:40'),
(293, 293, '1602992100.jpg', '2020-10-18 09:35:00', '2020-10-18 09:35:00'),
(294, 294, '1602992118.jpg', '2020-10-18 09:35:18', '2020-10-18 09:35:18'),
(295, 295, '1602992134.jpg', '2020-10-18 09:35:34', '2020-10-18 09:35:34'),
(296, 296, '1602992147.jpg', '2020-10-18 09:35:47', '2020-10-18 09:35:47'),
(297, 297, '1602992166.jpg', '2020-10-18 09:36:06', '2020-10-18 09:36:06'),
(298, 298, '1602992239.jpg', '2020-10-18 09:37:19', '2020-10-18 09:37:19'),
(299, 299, '1602992253.jpg', '2020-10-18 09:37:33', '2020-10-18 09:37:33'),
(300, 300, '1602992269.jpg', '2020-10-18 09:37:49', '2020-10-18 09:37:49'),
(301, 301, '1602992300.jpg', '2020-10-18 09:38:20', '2020-10-18 09:38:20'),
(302, 302, '1602992316.jpg', '2020-10-18 09:38:36', '2020-10-18 09:38:36'),
(303, 303, '1602992336.jpg', '2020-10-18 09:38:56', '2020-10-18 09:38:56'),
(304, 304, '1602992358.jpg', '2020-10-18 09:39:18', '2020-10-18 09:39:18'),
(305, 305, '1602992377.jpg', '2020-10-18 09:39:37', '2020-10-18 09:39:37'),
(306, 306, '1602992396.jpg', '2020-10-18 09:39:56', '2020-10-18 09:39:56'),
(307, 307, '1602992411.jpg', '2020-10-18 09:40:11', '2020-10-18 09:40:11'),
(308, 308, '1602992429.jpg', '2020-10-18 09:40:29', '2020-10-18 09:40:29'),
(309, 309, '1602992460.jpg', '2020-10-18 09:41:00', '2020-10-18 09:41:00'),
(310, 310, '1602992487.jpg', '2020-10-18 09:41:27', '2020-10-18 09:41:27'),
(311, 311, '1602992506.jpg', '2020-10-18 09:41:46', '2020-10-18 09:41:46'),
(312, 312, '1602992530.jpg', '2020-10-18 09:42:10', '2020-10-18 09:42:10'),
(313, 313, '1602992553.jpg', '2020-10-18 09:42:33', '2020-10-18 09:42:33'),
(314, 314, '1602992574.jpg', '2020-10-18 09:42:54', '2020-10-18 09:42:54'),
(315, 315, '1602992589.jpg', '2020-10-18 09:43:09', '2020-10-18 09:43:09'),
(316, 316, '1602992630.jpg', '2020-10-18 09:43:50', '2020-10-18 09:43:50'),
(317, 317, '1602992651.jpg', '2020-10-18 09:44:11', '2020-10-18 09:44:11'),
(318, 318, '1602992672.jpg', '2020-10-18 09:44:32', '2020-10-18 09:44:32'),
(319, 319, '1602992696.jpg', '2020-10-18 09:44:56', '2020-10-18 09:44:56'),
(320, 320, '1602992714.jpg', '2020-10-18 09:45:14', '2020-10-18 09:45:14'),
(321, 321, '1602992741.jpg', '2020-10-18 09:45:41', '2020-10-18 09:45:41'),
(322, 322, '1602992764.jpg', '2020-10-18 09:46:04', '2020-10-18 09:46:04'),
(323, 323, '1602992786.jpg', '2020-10-18 09:46:26', '2020-10-18 09:46:26'),
(324, 324, '1602992803.jpg', '2020-10-18 09:46:43', '2020-10-18 09:46:43'),
(325, 325, '1602992822.jpg', '2020-10-18 09:47:02', '2020-10-18 09:47:02'),
(326, 326, '1602992844.jpg', '2020-10-18 09:47:24', '2020-10-18 09:47:24'),
(327, 327, '1602992858.jpg', '2020-10-18 09:47:38', '2020-10-18 09:47:38'),
(328, 328, '1602992878.jpg', '2020-10-18 09:47:58', '2020-10-18 09:47:58'),
(329, 329, '1602992894.jpg', '2020-10-18 09:48:14', '2020-10-18 09:48:14'),
(330, 330, '1602992911.jpg', '2020-10-18 09:48:31', '2020-10-18 09:48:31'),
(331, 331, '1602992930.jpg', '2020-10-18 09:48:50', '2020-10-18 09:48:50'),
(332, 332, '1602992949.jpg', '2020-10-18 09:49:09', '2020-10-18 09:49:09'),
(333, 333, '1602993385.jpg', '2020-10-18 09:56:25', '2020-10-18 09:56:25');

-- --------------------------------------------------------

--
-- Table structure for table `migrations`
--

CREATE TABLE `migrations` (
  `id` int(10) UNSIGNED NOT NULL,
  `migration` varchar(255) COLLATE utf8mb4_unicode_ci NOT NULL,
  `batch` int(11) NOT NULL
) ENGINE=InnoDB DEFAULT CHARSET=utf8mb4 COLLATE=utf8mb4_unicode_ci;

--
-- Dumping data for table `migrations`
--

INSERT INTO `migrations` (`id`, `migration`, `batch`) VALUES
(7, '2014_10_12_000000_create_users_table', 1),
(8, '2014_10_12_100000_create_password_resets_table', 1),
(9, '2020_09_18_114947_create_profiles_table', 1),
(10, '2020_09_20_051453_create_categories_table', 1),
(11, '2020_09_20_051532_create_products_table', 1),
(13, '2020_09_26_013002_create_images_table', 1),
(15, '2020_09_20_051547_create_orders_table', 2);

-- --------------------------------------------------------

--
-- Table structure for table `orders`
--

CREATE TABLE `orders` (
  `id` int(10) UNSIGNED NOT NULL,
  `user_id` int(10) UNSIGNED NOT NULL,
  `product_id` int(11) NOT NULL,
  `occasion` varchar(225) COLLATE utf8mb4_unicode_ci DEFAULT NULL,
  `other_occasion` varchar(255) COLLATE utf8mb4_unicode_ci DEFAULT NULL,
  `size` varchar(225) COLLATE utf8mb4_unicode_ci DEFAULT NULL,
  `other_size` varchar(255) COLLATE utf8mb4_unicode_ci DEFAULT NULL,
  `color` varchar(225) COLLATE utf8mb4_unicode_ci DEFAULT NULL,
  `flavour` varchar(225) COLLATE utf8mb4_unicode_ci DEFAULT NULL,
  `other_flavour` varchar(255) COLLATE utf8mb4_unicode_ci DEFAULT NULL,
  `filling` varchar(225) COLLATE utf8mb4_unicode_ci DEFAULT NULL,
  `other_filling` varchar(255) COLLATE utf8mb4_unicode_ci DEFAULT NULL,
  `collection_date` varchar(10) COLLATE utf8mb4_unicode_ci DEFAULT NULL,
  `collection_type` varchar(225) COLLATE utf8mb4_unicode_ci DEFAULT NULL,
  `comment` text COLLATE utf8mb4_unicode_ci,
  `status` tinyint(1) NOT NULL,
  `created_at` timestamp NULL DEFAULT NULL,
  `updated_at` timestamp NULL DEFAULT NULL
) ENGINE=MyISAM DEFAULT CHARSET=utf8mb4 COLLATE=utf8mb4_unicode_ci;

--
-- Dumping data for table `orders`
--

INSERT INTO `orders` (`id`, `user_id`, `product_id`, `occasion`, `other_occasion`, `size`, `other_size`, `color`, `flavour`, `other_flavour`, `filling`, `other_filling`, `collection_date`, `collection_type`, `comment`, `status`, `created_at`, `updated_at`) VALUES
(1, 8, 71, 'other', 'Christmas', '10', NULL, 'White', 'Vanilla Cream Sponge', NULL, 'Cream Cheese Frosting', NULL, '2020-12-24', 'Delivery', NULL, 0, '2020-11-14 23:58:10', '2020-11-14 23:58:10'),
(2, 23, 299, 'Birthday', NULL, '12', NULL, 'Purple and white', 'Vanilla Cream Sponge', NULL, 'Vanilla Buttercream', NULL, '2022-02-25', 'Pick up', NULL, 0, '2021-12-20 18:56:32', '2021-12-20 18:56:32');

-- --------------------------------------------------------

--
-- Table structure for table `password_resets`
--

CREATE TABLE `password_resets` (
  `email` varchar(255) COLLATE utf8mb4_unicode_ci NOT NULL,
  `token` varchar(255) COLLATE utf8mb4_unicode_ci NOT NULL,
  `created_at` timestamp NULL DEFAULT NULL
) ENGINE=InnoDB DEFAULT CHARSET=utf8mb4 COLLATE=utf8mb4_unicode_ci;

-- --------------------------------------------------------

--
-- Table structure for table `products`
--

CREATE TABLE `products` (
  `id` int(10) UNSIGNED NOT NULL,
  `category_id` int(10) NOT NULL,
  `name` varchar(225) COLLATE utf8mb4_unicode_ci NOT NULL,
  `description` text COLLATE utf8mb4_unicode_ci,
  `status` tinyint(1) NOT NULL,
  `slug` varchar(225) COLLATE utf8mb4_unicode_ci DEFAULT NULL,
  `created_at` timestamp NULL DEFAULT NULL,
  `updated_at` timestamp NULL DEFAULT NULL
) ENGINE=MyISAM DEFAULT CHARSET=utf8mb4 COLLATE=utf8mb4_unicode_ci;

--
-- Dumping data for table `products`
--

INSERT INTO `products` (`id`, `category_id`, `name`, `description`, `status`, `slug`, `created_at`, `updated_at`) VALUES
(1, 1, 'BEAUTIFUL BEGINNING', NULL, 1, 'beautiful-beginning', '2020-10-18 07:50:06', '2020-10-18 07:50:06'),
(2, 1, 'HEART WEDDING CAKE', NULL, 1, 'heart-wedding-cake', '2020-10-18 07:50:27', '2020-10-18 07:50:27'),
(3, 1, 'IVORY WEDDING CAKE 2', NULL, 2, 'ivory-wedding-cake-2', '2020-10-18 07:50:44', '2020-10-18 10:01:27'),
(4, 1, 'IVORY WEDDING CAKE', NULL, 1, 'ivory-wedding-cake', '2020-10-18 07:51:05', '2020-10-18 07:51:05'),
(5, 1, 'MINT AND BROWN WEDDING CAKE', NULL, 1, 'mint-and-brown-wedding-cake', '2020-10-18 07:51:22', '2020-10-18 07:51:22'),
(6, 1, 'MR AND MRS', NULL, 1, 'mr-and-mrs', '2020-10-18 07:51:39', '2020-10-18 07:51:39'),
(7, 1, 'SILVER FLOWER WEDDING CAKE', NULL, 1, 'silver-flower-wedding-cake', '2020-10-18 07:51:55', '2020-10-18 07:51:55'),
(8, 1, 'SILVER WEDDING CAKE', NULL, 1, 'silver-wedding-cake', '2020-10-18 07:52:10', '2020-10-18 07:52:10'),
(9, 1, 'WHITE AND CORAL WEDDING CAKE', NULL, 1, 'white-and-coral-wedding-cake', '2020-10-18 07:52:29', '2020-10-18 07:52:29'),
(10, 2, 'ANOTHER GEOMETRIC', NULL, 1, 'another-geometric', '2020-10-18 07:53:09', '2020-10-18 07:53:09'),
(11, 2, 'ARSENAL CAKE', NULL, 1, 'arsenal-cake', '2020-10-18 07:53:24', '2020-10-18 07:53:24'),
(12, 2, 'ARSENAL SCARF CAKE', NULL, 1, 'arsenal-scarf-cake', '2020-10-18 07:53:41', '2020-10-18 07:53:41'),
(13, 2, 'BIBLE CAKE 2', NULL, 1, 'bible-cake-2', '2020-10-18 07:54:01', '2020-10-18 07:54:01'),
(14, 2, 'BIBLE CAKE', NULL, 1, 'bible-cake', '2020-10-18 07:54:15', '2020-10-18 07:54:15'),
(15, 2, 'BLUE SPOTTY CAKE', NULL, 1, 'blue-spotty-cake', '2020-10-18 07:54:30', '2020-10-18 07:54:30'),
(16, 2, 'BOW TIE CAKE 2', NULL, 1, 'bow-tie-cake-2', '2020-10-18 07:54:50', '2020-10-18 07:54:50'),
(17, 2, 'BOW TIE CAKE', NULL, 1, 'bow-tie-cake', '2020-10-18 07:55:05', '2020-10-18 07:55:05'),
(18, 2, 'BOXING GLOVE', NULL, 1, 'boxing-glove', '2020-10-18 07:55:28', '2020-10-18 07:55:28'),
(19, 2, 'CHELSEA CAKE 2', NULL, 1, 'chelsea-cake-2', '2020-10-18 07:55:48', '2020-10-18 07:55:48'),
(20, 2, 'CHELSEA CAKE', NULL, 1, 'chelsea-cake', '2020-10-18 07:56:04', '2020-10-18 07:56:04'),
(21, 2, 'CONGRATULATION CAKE', NULL, 1, 'congratulation-cake', '2020-10-18 07:56:22', '2020-10-18 07:56:22'),
(22, 2, 'DOC CAKE', NULL, 2, 'doc-cake', '2020-10-18 07:56:49', '2020-10-18 10:00:04'),
(23, 2, 'DOTTY BLUE CAKE', NULL, 1, 'dotty-blue-cake', '2020-10-18 07:57:07', '2020-10-18 07:57:07'),
(24, 2, 'FOOTBALL SHIRT CAKE', NULL, 1, 'football-shirt-cake', '2020-10-18 07:57:33', '2020-10-18 07:57:33'),
(25, 2, 'FOOTBALL SHIRT', NULL, 1, 'football-shirt', '2020-10-18 07:57:50', '2020-10-18 07:57:50'),
(26, 2, 'GEO', NULL, 1, 'geo', '2020-10-18 07:58:15', '2020-10-18 07:58:15'),
(27, 2, 'GEOMETRIC', NULL, 1, 'geometric', '2020-10-18 07:58:33', '2020-10-18 07:58:33'),
(28, 2, 'GIFT BOW CAKE', NULL, 1, 'gift-bow-cake', '2020-10-18 07:58:53', '2020-10-18 07:58:53'),
(29, 2, 'GOLD AND SILVER CAKE', NULL, 1, 'gold-and-silver-cake', '2020-10-18 07:59:12', '2020-10-18 07:59:12'),
(30, 2, 'GOLD CAKE', NULL, 1, 'gold-cake', '2020-10-18 07:59:35', '2020-10-18 07:59:35'),
(31, 2, 'GRADUATION 2', NULL, 1, 'graduation-2', '2020-10-18 08:00:03', '2020-10-18 08:00:03'),
(32, 2, 'GRADUATION', NULL, 1, 'graduation', '2020-10-18 08:00:33', '2020-10-18 08:00:33'),
(33, 1, 'LACE GEO 2', NULL, 1, 'lace-geo-2', '2020-10-18 08:00:52', '2020-10-18 08:00:52'),
(34, 2, 'LACE GEO', NULL, 1, 'lace-geo', '2020-10-18 08:01:15', '2020-10-18 08:01:15'),
(35, 2, 'LIVERPOOL CAKE', NULL, 1, 'liverpool-cake', '2020-10-18 08:01:33', '2020-10-18 08:01:33'),
(36, 2, 'MANCHESTER CITY CAKE', NULL, 1, 'manchester-city-cake', '2020-10-18 08:01:50', '2020-10-18 08:01:50'),
(37, 2, 'MANCHESTER FOOTBALL', NULL, 1, 'manchester-football', '2020-10-18 08:02:14', '2020-10-18 08:02:14'),
(38, 2, 'MANCHESTER UNITED FOOTBALL', NULL, 1, 'manchester-united-football', '2020-10-18 08:02:32', '2020-10-18 08:02:32'),
(39, 2, 'MANCHESTER UNITED SHIRT CAKE', NULL, 1, 'manchester-united-shirt-cake', '2020-10-18 08:02:53', '2020-10-18 08:02:53'),
(40, 2, 'POLKA SQUARE CAKE', NULL, 1, 'polka-square-cake', '2020-10-18 08:03:13', '2020-10-18 08:03:13'),
(41, 2, 'POLO SHIRT AND CAP CAKE', NULL, 1, 'polo-shirt-and-cap-cake', '2020-10-18 08:03:32', '2020-10-18 08:03:32'),
(42, 2, 'SHIRT CAKE', NULL, 1, 'shirt-cake', '2020-10-18 08:03:50', '2020-10-18 08:03:50'),
(43, 2, 'SPOTTY CAKE', NULL, 1, 'spotty-cake', '2020-10-18 08:04:10', '2020-10-18 08:04:10'),
(44, 2, 'TIERED BLUE CAKE 2', NULL, 1, 'tiered-blue-cake-2', '2020-10-18 08:04:25', '2020-10-18 08:04:25'),
(45, 2, 'TIERED BLUE CAKE', NULL, 1, 'tiered-blue-cake', '2020-10-18 08:04:43', '2020-10-18 08:04:43'),
(46, 2, 'TIERED CAKE', NULL, 1, 'tiered-cake', '2020-10-18 08:05:06', '2020-10-18 08:05:06'),
(47, 2, 'TUX 3', NULL, 1, 'tux-3', '2020-10-18 08:05:22', '2020-10-18 08:05:22'),
(48, 2, 'TUX 4', NULL, 1, 'tux-4', '2020-10-18 08:05:39', '2020-10-18 08:05:39'),
(49, 2, 'TUX CAKE 2', NULL, 1, 'tux-cake-2', '2020-10-18 08:06:03', '2020-10-18 08:06:03'),
(50, 2, 'TUX CAKE', NULL, 1, 'tux-cake', '2020-10-18 08:06:18', '2020-10-18 08:06:18'),
(51, 2, 'TUXEDO CAKE 2', NULL, 1, 'tuxedo-cake-2', '2020-10-18 08:06:35', '2020-10-18 08:06:35'),
(52, 2, 'TUXEDO CAKE', NULL, 1, 'tuxedo-cake', '2020-10-18 08:06:53', '2020-10-18 08:06:53'),
(53, 2, 'WORLD DAD CAKE', NULL, 1, 'world-dad-cake', '2020-10-18 08:07:06', '2020-10-18 08:07:06'),
(54, 3, 'ANNIVERSARY CAKE', NULL, 1, 'anniversary-cake', '2020-10-18 08:07:52', '2020-10-18 08:07:52'),
(55, 3, 'ANNIVERSARY', NULL, 1, 'anniversary', '2020-10-18 08:08:06', '2020-10-18 08:08:06'),
(56, 2, 'ANOTHER ANNIVERSARY', NULL, 1, 'another-anniversary', '2020-10-18 08:08:23', '2020-10-18 08:08:23'),
(57, 3, 'BABY SHOWER', NULL, 1, 'baby-shower', '2020-10-18 08:08:38', '2020-10-18 08:08:38'),
(58, 3, 'BIBLE', NULL, 1, 'bible', '2020-10-18 08:08:55', '2020-10-18 08:08:55'),
(59, 3, 'BIG DOTTY', NULL, 1, 'big-dotty', '2020-10-18 08:09:08', '2020-10-18 08:09:08'),
(60, 3, 'BOY CONVERSE', NULL, 1, 'boy-converse', '2020-10-18 08:09:27', '2020-10-18 08:09:27'),
(61, 3, 'BUM BABY SHOWER', NULL, 1, 'bum-baby-shower', '2020-10-18 08:09:42', '2020-10-18 08:09:42'),
(62, 3, 'CELEBRANT CAKE', NULL, 1, 'celebrant-cake', '2020-10-18 08:09:57', '2020-10-18 08:09:57'),
(63, 3, 'CELEBRATE', NULL, 1, 'celebrate', '2020-10-18 08:10:20', '2020-10-18 08:10:20'),
(64, 3, 'CHRISTENING CAKE', NULL, 1, 'christening-cake', '2020-10-18 08:10:39', '2020-10-18 08:10:39'),
(65, 3, 'CHRISTENING', NULL, 1, 'christening', '2020-10-18 08:10:54', '2020-10-18 08:10:54'),
(66, 3, 'CHRISTMAS 2', NULL, 1, 'christmas-2', '2020-10-18 08:11:23', '2020-10-18 08:11:23'),
(67, 3, 'CHRISTMAS 3', NULL, 1, 'christmas-3', '2020-10-18 08:11:38', '2020-10-18 08:11:38'),
(68, 3, 'CHRISTMAS 4', NULL, 1, 'christmas-4', '2020-10-18 08:11:53', '2020-10-18 08:11:53'),
(69, 3, 'CHRISTMAS 5', NULL, 1, 'christmas-5', '2020-10-18 08:12:16', '2020-10-18 08:12:16'),
(70, 3, 'CHRISTMAS 6', NULL, 1, 'christmas-6', '2020-10-18 08:12:34', '2020-10-18 08:12:34'),
(71, 3, 'CHRISTMAS 7', NULL, 1, 'christmas-7', '2020-10-18 08:13:00', '2020-10-18 08:13:00'),
(72, 3, 'CHRISTMAS 8', NULL, 1, 'christmas-8', '2020-10-18 08:13:22', '2020-10-18 08:13:22'),
(73, 3, 'CHRISTMAS 9', NULL, 1, 'christmas-9', '2020-10-18 08:13:45', '2020-10-18 08:13:45'),
(74, 3, 'CHRISTMAS TREE', NULL, 1, 'christmas-tree', '2020-10-18 08:14:04', '2020-10-18 08:14:04'),
(75, 3, 'CHRISTMAS', NULL, 1, 'christmas', '2020-10-18 08:14:23', '2020-10-18 08:14:23'),
(76, 3, 'COLOURS', NULL, 1, 'colours', '2020-10-18 08:14:50', '2020-10-18 08:14:50'),
(77, 3, 'COMMUNION', NULL, 1, 'communion', '2020-10-18 08:15:08', '2020-10-18 08:15:08'),
(78, 3, 'DOTTY BABY SHOWER', NULL, 2, 'dotty-baby-shower', '2020-10-18 08:15:27', '2020-10-18 10:00:55'),
(79, 3, 'GOLD AND GREEN', NULL, 1, 'gold-and-green', '2020-10-18 08:15:47', '2020-10-18 08:15:47'),
(80, 3, 'GOLD COMMUNION', NULL, 1, 'gold-communion', '2020-10-18 08:16:05', '2020-10-18 08:16:05'),
(81, 3, 'GRADUATION', NULL, 1, 'graduation-3', '2020-10-18 08:16:51', '2020-10-18 08:16:51'),
(82, 3, 'GREEN COMMUNION', NULL, 1, 'green-communion', '2020-10-18 08:17:08', '2020-10-18 08:17:08'),
(83, 3, 'HEART CAKE', NULL, 1, 'heart-cake', '2020-10-18 08:17:24', '2020-10-18 08:17:24'),
(84, 3, 'HEART SHAPED CAKE', NULL, 1, 'heart-shaped-cake', '2020-10-18 08:17:55', '2020-10-18 08:17:55'),
(85, 3, 'HEXAGON DESIGNED CAKE', NULL, 1, 'hexagon-designed-cake', '2020-10-18 08:18:10', '2020-10-18 08:18:10'),
(86, 3, 'NEW YEAR CAKE', NULL, 1, 'new-year-cake', '2020-10-18 08:18:27', '2020-10-18 08:18:27'),
(87, 3, 'PINK CHRISTENING CAKE', NULL, 1, 'pink-christening-cake', '2020-10-18 08:18:47', '2020-10-18 08:18:47'),
(88, 3, 'PINK CHRISTENING', NULL, 1, 'pink-christening', '2020-10-18 08:19:02', '2020-10-18 08:19:02'),
(89, 3, 'QUILTED ANNIVERSARY CAKE', NULL, 1, 'quilted-anniversary-cake', '2020-10-18 08:19:20', '2020-10-18 08:19:20'),
(90, 3, 'RAMEN CAKE', NULL, 1, 'ramen-cake', '2020-10-18 08:20:01', '2020-10-18 08:20:01'),
(91, 3, 'RED CAKE', NULL, 1, 'red-cake', '2020-10-18 08:20:19', '2020-10-18 08:20:19'),
(92, 3, 'ROSE BRIDAL SHOWER', NULL, 1, 'rose-bridal-shower', '2020-10-18 08:20:35', '2020-10-18 08:20:35'),
(93, 3, 'SHOWER CAKE', NULL, 1, 'shower-cake', '2020-10-18 08:20:48', '2020-10-18 08:20:48'),
(94, 3, 'STAR CAKE', NULL, 1, 'star-cake', '2020-10-18 08:21:04', '2020-10-18 08:21:04'),
(95, 3, 'THE CELEBRANT', NULL, 1, 'the-celebrant', '2020-10-18 08:21:21', '2020-10-18 08:21:21'),
(96, 4, 'Adidas Cake', NULL, 1, 'adidas-cake', '2020-10-18 08:23:17', '2020-10-18 08:23:17'),
(97, 4, 'Alphabet Cake', NULL, 1, 'alphabet-cake', '2020-10-18 08:23:28', '2020-10-18 08:23:28'),
(98, 4, 'Alphabet Design Cake', NULL, 1, 'alphabet-design-cake', '2020-10-18 08:23:41', '2020-10-18 08:23:41'),
(99, 4, 'Arsenal Cake', NULL, 1, 'arsenal-cake-1', '2020-10-18 08:23:55', '2020-10-18 08:23:55'),
(100, 4, 'Arsenal design Cake', NULL, 1, 'arsenal-design-cake', '2020-10-18 08:24:14', '2020-10-18 08:24:14'),
(101, 4, 'Arsenal Square Cake', NULL, 1, 'arsenal-square-cake', '2020-10-18 08:24:25', '2020-10-18 08:24:25'),
(102, 4, 'Avengers Cake', NULL, 1, 'avengers-cake', '2020-10-18 08:24:42', '2020-10-18 08:24:42'),
(103, 4, 'Batman Cake', NULL, 1, 'batman-cake', '2020-10-18 08:24:55', '2020-10-18 08:24:55'),
(104, 4, 'Beautiful', NULL, 1, 'beautiful', '2020-10-18 08:25:16', '2020-10-18 08:25:16'),
(105, 4, 'Beyblade Cake', NULL, 1, 'beyblade-cake', '2020-10-18 08:25:41', '2020-10-18 08:25:41'),
(106, 4, 'Blue and Gold Cake', NULL, 1, 'blue-and-gold-cake', '2020-10-18 08:25:57', '2020-10-18 08:25:57'),
(107, 4, 'Blue Paw Patrol', NULL, 1, 'blue-paw-patrol', '2020-10-18 08:26:15', '2020-10-18 08:26:15'),
(108, 4, 'Booba Cake', NULL, 1, 'booba-cake', '2020-10-18 08:26:29', '2020-10-18 08:26:29'),
(109, 4, 'Bow Tie Cake', NULL, 1, 'bow-tie-cake-3', '2020-10-18 08:26:46', '2020-10-18 08:26:46'),
(110, 4, 'Boy Baby Shower Cake', NULL, 2, 'boy-baby-shower-cake', '2020-10-18 08:27:02', '2020-10-18 09:59:03'),
(111, 4, 'Call of Duty Cake', NULL, 1, 'call-of-duty-cake', '2020-10-18 08:27:24', '2020-10-18 08:27:24'),
(112, 4, 'Captain America Cake', NULL, 1, 'captain-america-cake', '2020-10-18 08:27:40', '2020-10-18 08:27:40'),
(113, 4, 'Car Cake', NULL, 1, 'car-cake', '2020-10-18 08:27:58', '2020-10-18 08:27:58'),
(114, 4, 'Chase and Marshall Cake', NULL, 1, 'chase-and-marshall-cake', '2020-10-18 08:28:15', '2020-10-18 08:28:15'),
(115, 4, 'Chelsea Cake', NULL, 1, 'chelsea-cake-3', '2020-10-18 08:28:31', '2020-10-18 08:28:31'),
(116, 4, 'Dave and Ava Cake', NULL, 1, 'dave-and-ava-cake', '2020-10-18 08:28:47', '2020-10-18 08:28:47'),
(117, 4, 'Drum and Football Cake', NULL, 1, 'drum-and-football-cake', '2020-10-18 08:29:19', '2020-10-18 08:29:19'),
(118, 4, 'Emoji Cake', NULL, 1, 'emoji-cake', '2020-10-18 08:29:39', '2020-10-18 08:29:39'),
(119, 4, 'Football Cake', NULL, 1, 'football-cake', '2020-10-18 08:30:01', '2020-10-18 08:30:01'),
(120, 4, 'Football Player Cake', NULL, 1, 'football-player-cake', '2020-10-18 08:30:21', '2020-10-18 08:30:21'),
(121, 4, 'Football Shirt Cake', NULL, 1, 'football-shirt-cake-1', '2020-10-18 08:30:36', '2020-10-18 08:30:36'),
(122, 4, 'Graffiti Cake', NULL, 1, 'graffiti-cake', '2020-10-18 08:31:17', '2020-10-18 08:31:17'),
(123, 4, 'Greninja Cake', NULL, 1, 'greninja-cake', '2020-10-18 08:31:41', '2020-10-18 08:31:41'),
(124, 4, 'Greninja Pokemon Cake', NULL, 1, 'greninja-pokemon-cake', '2020-10-18 08:31:57', '2020-10-18 08:31:57'),
(125, 4, 'Headphone Cake', NULL, 1, 'headphone-cake', '2020-10-18 08:32:22', '2020-10-18 08:32:22'),
(126, 4, 'Headphones Cake', NULL, 1, 'headphones-cake', '2020-10-18 08:32:57', '2020-10-18 08:32:57'),
(127, 4, 'Iphone 6 Cake', NULL, 1, 'iphone-6-cake', '2020-10-18 08:33:12', '2020-10-18 08:33:12'),
(128, 4, 'Lego Batman Cake', NULL, 1, 'lego-batman-cake', '2020-10-18 08:33:39', '2020-10-18 08:33:39'),
(129, 4, 'Lego Cake', NULL, 1, 'lego-cake', '2020-10-18 08:34:00', '2020-10-18 08:34:00'),
(130, 4, 'Letters Cake', NULL, 1, 'letters-cake', '2020-10-18 08:34:15', '2020-10-18 08:34:15'),
(131, 4, 'Lightning McQueen Cake', NULL, 1, 'lightning-mcqueen-cake', '2020-10-18 08:34:38', '2020-10-18 08:34:38'),
(132, 4, 'Lightning McQueen Car Cake', NULL, 1, 'lightning-mcqueen-car-cake', '2020-10-18 08:35:15', '2020-10-18 08:35:15'),
(133, 4, 'Lightning McQueen Racetrack Cake', NULL, 1, 'lightning-mcqueen-racetrack-cake', '2020-10-18 08:35:31', '2020-10-18 08:35:31'),
(134, 4, 'Lightning McQueen Racing Cake', NULL, 1, 'lightning-mcqueen-racing-cake', '2020-10-18 08:35:48', '2020-10-18 08:35:48'),
(135, 4, 'Liverpool Design Cake', NULL, 1, 'liverpool-design-cake', '2020-10-18 08:36:13', '2020-10-18 08:36:13'),
(136, 4, 'Liverpool Football Cake', NULL, 1, 'liverpool-football-cake', '2020-10-18 08:36:34', '2020-10-18 08:36:34'),
(137, 4, 'Manchester United Football Cake', NULL, 1, 'manchester-united-football-cake', '2020-10-18 08:36:53', '2020-10-18 08:36:53'),
(138, 4, 'Manchester United Shirt Cake', NULL, 1, 'manchester-united-shirt-cake-1', '2020-10-18 08:37:32', '2020-10-18 08:37:32'),
(139, 4, 'Marvel Cake', NULL, 1, 'marvel-cake', '2020-10-18 08:37:58', '2020-10-18 08:37:58'),
(140, 4, 'Monster Truck Cake', NULL, 1, 'monster-truck-cake', '2020-10-18 08:38:20', '2020-10-18 08:38:20'),
(141, 4, 'Naruto Cake', NULL, 1, 'naruto-cake', '2020-10-18 08:38:44', '2020-10-18 08:38:44'),
(142, 4, 'Nintendo Switch Cake', NULL, 1, 'nintendo-switch-cake', '2020-10-18 08:39:07', '2020-10-18 08:39:07'),
(143, 4, 'Number 3 Mickey Mouse Cake', NULL, 1, 'number-3-mickey-mouse-cake', '2020-10-18 08:39:27', '2020-10-18 08:39:27'),
(144, 4, 'Number 3 Spiderman Cake', NULL, 1, 'number-3-spiderman-cake', '2020-10-18 08:39:58', '2020-10-18 08:39:58'),
(145, 4, 'Number 4 Car Cake', NULL, 1, 'number-4-car-cake', '2020-10-18 08:40:20', '2020-10-18 08:40:20'),
(146, 4, 'Number 5 Minions Cake', NULL, 1, 'number-5-minions-cake', '2020-10-18 08:40:48', '2020-10-18 08:40:48'),
(147, 4, 'Number 7 Mickey Cake', NULL, 1, 'number-7-mickey-cake', '2020-10-18 08:41:06', '2020-10-18 08:41:06'),
(148, 4, 'Number 7 Rainbow Cake', NULL, 1, 'number-7-rainbow-cake', '2020-10-18 08:41:24', '2020-10-18 08:41:24'),
(149, 4, 'Number 8 Cake', NULL, 1, 'number-8-cake', '2020-10-18 08:41:50', '2020-10-18 08:41:50'),
(150, 4, 'Number 8 Football Cake', NULL, 1, 'number-8-football-cake', '2020-10-18 08:42:16', '2020-10-18 08:42:16'),
(151, 4, 'Number 8 Football Player', NULL, 1, 'number-8-football-player', '2020-10-18 08:42:37', '2020-10-18 08:42:37'),
(152, 4, 'Number 9 Design Cake', NULL, 1, 'number-9-design-cake', '2020-10-18 08:43:00', '2020-10-18 08:43:00'),
(153, 4, 'Number 10 Brick Cake', NULL, 1, 'number-10-brick-cake', '2020-10-18 08:43:34', '2020-10-18 08:43:34'),
(154, 4, 'Number 11 Cake', NULL, 1, 'number-11-cake', '2020-10-18 08:43:54', '2020-10-18 08:43:54'),
(155, 4, 'Number 12 and 2 Cake', NULL, 1, 'number-12-and-2-cake', '2020-10-18 08:44:08', '2020-10-18 08:44:08'),
(156, 4, 'Number 15 Manchester United Cake', NULL, 1, 'number-15-manchester-united-cake', '2020-10-18 08:44:31', '2020-10-18 08:44:31'),
(157, 4, 'Number One Bow Tie Cake', NULL, 1, 'number-one-bow-tie-cake', '2020-10-18 08:45:10', '2020-10-18 08:45:10'),
(158, 4, 'Number One Mickey Mouse Cake', NULL, 1, 'number-one-mickey-mouse-cake', '2020-10-18 08:45:28', '2020-10-18 08:45:28'),
(159, 4, 'Number One Shooting Star', NULL, 1, 'number-one-shooting-star', '2020-10-18 08:45:50', '2020-10-18 08:45:50'),
(160, 4, 'Number One Teddy bear Cake', NULL, 1, 'number-one-teddy-bear-cake', '2020-10-18 08:46:12', '2020-10-18 08:46:12'),
(161, 4, 'Number Seven Avenger Cake', NULL, 1, 'number-seven-avenger-cake', '2020-10-18 08:46:38', '2020-10-18 08:46:38'),
(162, 4, 'Number Six Picture Cake', NULL, 1, 'number-six-picture-cake', '2020-10-18 08:47:09', '2020-10-18 08:47:09'),
(163, 4, 'Number Ten Chelsea Cake', NULL, 1, 'number-ten-chelsea-cake', '2020-10-18 08:47:35', '2020-10-18 08:47:35'),
(164, 4, 'Paw Patrol and Plane Cake', NULL, 1, 'paw-patrol-and-plane-cake', '2020-10-18 08:47:57', '2020-10-18 08:47:57'),
(165, 4, 'Paw Patrol Cake', NULL, 1, 'paw-patrol-cake', '2020-10-18 08:48:24', '2020-10-18 08:48:24'),
(166, 4, 'Paw Patrol Chase Cake', NULL, 1, 'paw-patrol-chase-cake', '2020-10-18 08:48:43', '2020-10-18 08:48:43'),
(167, 4, 'Paw Patrol Dog Bone Cake', NULL, 1, 'paw-patrol-dog-bone-cake', '2020-10-18 08:49:06', '2020-10-18 08:49:06'),
(168, 4, 'Paw Patrol Dog Cake', NULL, 1, 'paw-patrol-dog-cake', '2020-10-18 08:49:28', '2020-10-18 08:49:28'),
(169, 4, 'Paw Patrol Watchtower Cake', NULL, 1, 'paw-patrol-watchtower-cake', '2020-10-18 08:49:49', '2020-10-18 08:49:49'),
(170, 4, 'Paw Patrol', NULL, 1, 'paw-patrol', '2020-10-18 08:50:14', '2020-10-18 08:50:14'),
(171, 4, 'Peppa Pig Cake', NULL, 1, 'peppa-pig-cake', '2020-10-18 08:50:30', '2020-10-18 08:50:30'),
(172, 4, 'Pikachu Cake', NULL, 1, 'pikachu-cake', '2020-10-18 08:50:47', '2020-10-18 08:50:47'),
(173, 4, 'Plane and Paw Patrol Cake', NULL, 1, 'plane-and-paw-patrol-cake', '2020-10-18 08:51:12', '2020-10-18 08:51:12'),
(174, 4, 'Pokemon and Friends Cake', NULL, 1, 'pokemon-and-friends-cake', '2020-10-18 08:51:34', '2020-10-18 08:51:34'),
(175, 4, 'Pokemon Ball Cake', NULL, 1, 'pokemon-ball-cake', '2020-10-18 08:51:53', '2020-10-18 08:51:53'),
(176, 4, 'Pokemon Cake', NULL, 1, 'pokemon-cake', '2020-10-18 08:52:20', '2020-10-18 08:52:20'),
(177, 4, 'Power Rangers Cake', NULL, 1, 'power-rangers-cake', '2020-10-18 08:53:09', '2020-10-18 08:53:09'),
(178, 4, 'Racing Car Cake', NULL, 1, 'racing-car-cake', '2020-10-18 08:53:34', '2020-10-18 08:53:34'),
(179, 4, 'Racing Track Cake', NULL, 1, 'racing-track-cake', '2020-10-18 08:53:49', '2020-10-18 08:53:49'),
(180, 4, 'Rocket Cake', NULL, 1, 'rocket-cake', '2020-10-18 08:54:09', '2020-10-18 08:54:09'),
(181, 4, 'Round Arsenal Scarf Cake', NULL, 1, 'round-arsenal-scarf-cake', '2020-10-18 08:54:28', '2020-10-18 08:54:28'),
(182, 4, 'Shirt Cake', NULL, 1, 'shirt-cake-1', '2020-10-18 08:54:44', '2020-10-18 08:54:44'),
(183, 4, 'Sonic Cake', NULL, 1, 'sonic-cake', '2020-10-18 08:55:00', '2020-10-18 08:55:00'),
(184, 4, 'Spider Man Web Cake', NULL, 1, 'spider-man-web-cake', '2020-10-18 08:55:19', '2020-10-18 08:55:19'),
(185, 4, 'Spiderman Cake', NULL, 1, 'spiderman-cake', '2020-10-18 08:55:43', '2020-10-18 08:55:43'),
(186, 4, 'Spiderman Face Cake', NULL, 1, 'spiderman-face-cake', '2020-10-18 08:56:05', '2020-10-18 08:56:05'),
(187, 4, 'Swinging Spiderman Cake', NULL, 1, 'swinging-spiderman-cake', '2020-10-18 08:56:21', '2020-10-18 08:56:21'),
(188, 4, 'Teletubies Cake', NULL, 1, 'teletubies-cake', '2020-10-18 08:56:37', '2020-10-18 08:56:37'),
(189, 4, 'Teletubies Come to Play Cake', NULL, 1, 'teletubies-come-to-play-cake', '2020-10-18 08:56:51', '2020-10-18 08:56:51'),
(190, 4, 'Tiered Paw Patrol Cake', NULL, 1, 'tiered-paw-patrol-cake', '2020-10-18 08:57:05', '2020-10-18 08:57:05'),
(191, 4, 'Tom and Jerry Cake', NULL, 1, 'tom-and-jerry-cake', '2020-10-18 08:57:22', '2020-10-18 08:57:22'),
(192, 4, 'Traffic Car Cake', NULL, 1, 'traffic-car-cake', '2020-10-18 08:57:39', '2020-10-18 08:57:39'),
(193, 4, 'Transport Cake', NULL, 1, 'transport-cake', '2020-10-18 08:57:54', '2020-10-18 08:57:54'),
(194, 4, 'Wheel Design Cake', NULL, 1, 'wheel-design-cake', '2020-10-18 08:58:09', '2020-10-18 08:58:09'),
(195, 5, 'Baby Shower Cupcakes', NULL, 1, 'baby-shower-cupcakes', '2020-10-18 08:58:34', '2020-10-18 08:58:34'),
(196, 5, 'Boys Cupcakes', NULL, 1, 'boys-cupcakes', '2020-10-18 08:58:46', '2020-10-18 08:58:46'),
(197, 5, 'Emoji cupcakes', NULL, 1, 'emoji-cupcakes', '2020-10-18 08:58:59', '2020-10-18 08:58:59'),
(198, 5, 'Emoji Cups', NULL, 1, 'emoji-cups', '2020-10-18 08:59:11', '2020-10-18 08:59:11'),
(199, 5, 'Emoji', NULL, 1, 'emoji', '2020-10-18 08:59:27', '2020-10-18 08:59:27'),
(200, 5, 'Emojis', NULL, 1, 'emojis', '2020-10-18 08:59:38', '2020-10-18 08:59:38'),
(201, 5, 'Paw Patrol Cupcakes', NULL, 1, 'paw-patrol-cupcakes', '2020-10-18 08:59:55', '2020-10-18 08:59:55'),
(202, 5, 'Paw Patrol', NULL, 1, 'paw-patrol-1', '2020-10-18 09:00:09', '2020-10-18 09:00:09'),
(203, 5, 'Sprinkles Cupcakes', NULL, 1, 'sprinkles-cupcakes', '2020-10-18 09:00:37', '2020-10-18 09:00:37'),
(204, 5, 'swirl Cupcakes', NULL, 2, 'swirl-cupcakes', '2020-10-18 09:00:53', '2020-10-18 09:59:34'),
(205, 5, 'Tictok Cupcakes', NULL, 1, 'tictok-cupcakes', '2020-10-18 09:01:06', '2020-10-18 09:01:06'),
(206, 5, 'Unicorn Cupcakes', NULL, 1, 'unicorn-cupcakes', '2020-10-18 09:01:19', '2020-10-18 09:01:19'),
(207, 5, 'Unicorn', NULL, 1, 'unicorn', '2020-10-18 09:01:36', '2020-10-18 09:01:36'),
(208, 6, '10TH PINK AND PURPLE BIRTHDAY CAKE', NULL, 1, '10th-pink-and-purple-birthday-cake', '2020-10-18 09:02:03', '2020-10-18 09:02:03'),
(209, 6, 'ALEX AND CO CAKE', NULL, 1, 'alex-and-co-cake', '2020-10-18 09:02:16', '2020-10-18 09:02:16'),
(210, 6, 'BABY SHARK', NULL, 1, 'baby-shark', '2020-10-18 09:02:31', '2020-10-18 09:02:31'),
(211, 6, 'BIBLE CAKE', NULL, 1, 'bible-cake-3', '2020-10-18 09:04:29', '2020-10-18 09:04:29'),
(212, 6, 'Books', NULL, 1, 'books', '2020-10-18 09:04:43', '2020-10-18 09:04:43'),
(213, 6, 'BUTTERFLY CAKE', NULL, 1, 'butterfly-cake', '2020-10-18 09:05:01', '2020-10-18 09:05:01'),
(214, 6, 'CASTLE CAKE', NULL, 1, 'castle-cake', '2020-10-18 09:05:20', '2020-10-18 09:05:20'),
(215, 6, 'CHOCOLATEY', NULL, 1, 'chocolatey', '2020-10-18 09:05:36', '2020-10-18 09:05:36'),
(216, 6, 'CINDERELLA CAKE', NULL, 1, 'cinderella-cake', '2020-10-18 09:05:51', '2020-10-18 09:05:51'),
(217, 6, 'COLOURFUL UNICORN CAKE', NULL, 1, 'colourful-unicorn-cake', '2020-10-18 09:06:09', '2020-10-18 09:06:09'),
(218, 6, 'CORAL BOW CAKE', NULL, 1, 'coral-bow-cake', '2020-10-18 09:06:32', '2020-10-18 09:06:32'),
(219, 6, 'CROWN AND WAND CAKE', NULL, 1, 'crown-and-wand-cake', '2020-10-18 09:06:52', '2020-10-18 09:06:52'),
(220, 6, 'CROWN CAKE', NULL, 1, 'crown-cake', '2020-10-18 09:07:13', '2020-10-18 09:07:13'),
(221, 6, 'DOTS CAKE', NULL, 1, 'dots-cake', '2020-10-18 09:07:25', '2020-10-18 09:07:25'),
(222, 6, 'DRIP CAKE', NULL, 1, 'drip-cake', '2020-10-18 09:07:41', '2020-10-18 09:07:41'),
(223, 6, 'EEVEE CAKE', NULL, 1, 'eevee-cake', '2020-10-18 09:08:02', '2020-10-18 09:08:02'),
(224, 6, 'FASHIONISTA', NULL, 1, 'fashionista', '2020-10-18 09:09:07', '2020-10-18 09:09:07'),
(225, 6, 'FLOWERS CAKE 2', NULL, 1, 'flowers-cake-2', '2020-10-18 09:09:29', '2020-10-18 09:09:29'),
(226, 6, 'FLOWERS CAKE', NULL, 1, 'flowers-cake', '2020-10-18 09:10:01', '2020-10-18 09:10:01'),
(227, 6, 'GIFT BOW CAKE', NULL, 1, 'gift-bow-cake-1', '2020-10-18 09:10:23', '2020-10-18 09:10:23'),
(228, 6, 'GYM', NULL, 1, 'gym', '2020-10-18 09:10:40', '2020-10-18 09:10:40'),
(229, 6, 'GYMNAST CAKE', NULL, 1, 'gymnast-cake', '2020-10-18 09:10:57', '2020-10-18 09:10:57'),
(230, 6, 'GYMNAST', NULL, 1, 'gymnast', '2020-10-18 09:11:36', '2020-10-18 09:11:36'),
(231, 6, 'GYMNASTIC CAKE 2', NULL, 1, 'gymnastic-cake-2', '2020-10-18 09:11:51', '2020-10-18 09:11:51'),
(232, 6, 'GYMNASTIC CAKE', NULL, 1, 'gymnastic-cake', '2020-10-18 09:12:07', '2020-10-18 09:12:07'),
(233, 6, 'HEART CAKE', NULL, 1, 'heart-cake-1', '2020-10-18 09:12:28', '2020-10-18 09:12:28'),
(234, 6, 'HELLO KITTY', NULL, 1, 'hello-kitty', '2020-10-18 09:12:46', '2020-10-18 09:12:46'),
(235, 6, 'HOT PINK 10TH CAKE', NULL, 1, 'hot-pink-10th-cake', '2020-10-18 09:13:35', '2020-10-18 09:13:35'),
(236, 6, 'JOJO SIWA BOW CAKE', NULL, 1, 'jojo-siwa-bow-cake', '2020-10-18 09:13:57', '2020-10-18 09:13:57'),
(237, 6, 'JOJO SIWA CAKE', NULL, 1, 'jojo-siwa-cake', '2020-10-18 09:14:15', '2020-10-18 09:14:15'),
(238, 6, 'JOJO SIWA', NULL, 1, 'jojo-siwa', '2020-10-18 09:14:50', '2020-10-18 09:14:50'),
(239, 6, 'LOL BOW CAKE', NULL, 1, 'lol-bow-cake', '2020-10-18 09:15:06', '2020-10-18 09:15:06'),
(240, 6, 'LOLLI POP CAKE', NULL, 1, 'lolli-pop-cake', '2020-10-18 09:15:29', '2020-10-18 09:15:29'),
(241, 6, 'MANCHESTER UNITED CAKE', NULL, 1, 'manchester-united-cake', '2020-10-18 09:15:57', '2020-10-18 09:15:57'),
(242, 6, 'MINNIE MOUSE NUMBER ONE CAKE', NULL, 1, 'minnie-mouse-number-one-cake', '2020-10-18 09:16:19', '2020-10-18 09:16:19'),
(243, 6, 'MINNIE MOUSE', NULL, 1, 'minnie-mouse', '2020-10-18 09:16:35', '2020-10-18 09:16:35'),
(244, 6, 'My Little Pony', NULL, 1, 'my-little-pony', '2020-10-18 09:16:54', '2020-10-18 09:16:54'),
(245, 6, 'NUMBER FIVE PRINCESS CAKE', NULL, 1, 'number-five-princess-cake', '2020-10-18 09:17:12', '2020-10-18 09:17:12'),
(246, 6, 'Number One', NULL, 1, 'number-one', '2020-10-18 09:17:32', '2020-10-18 09:17:32'),
(247, 6, 'NUMBER TEN GYMNAST CAKE', NULL, 1, 'number-ten-gymnast-cake', '2020-10-18 09:17:52', '2020-10-18 09:17:52'),
(248, 6, 'NUMBER TEN WHITE AND PINK CAKE', NULL, 1, 'number-ten-white-and-pink-cake', '2020-10-18 09:18:16', '2020-10-18 09:18:16'),
(249, 6, 'OREO CAKE', NULL, 1, 'oreo-cake', '2020-10-18 09:19:12', '2020-10-18 09:19:12'),
(250, 6, 'OREO WITH CUPCAKES', NULL, 1, 'oreo-with-cupcakes', '2020-10-18 09:19:28', '2020-10-18 09:19:28'),
(251, 6, 'PEPPA PIG CAKE', NULL, 1, 'peppa-pig-cake-1', '2020-10-18 09:19:47', '2020-10-18 09:19:47'),
(252, 6, 'PEPPA PIG WITH BALOONS', NULL, 1, 'peppa-pig-with-baloons', '2020-10-18 09:20:09', '2020-10-18 09:20:09'),
(253, 6, 'photo-20170724075232', NULL, 1, 'photo-20170724075232', '2020-10-18 09:20:38', '2020-10-18 09:20:38'),
(254, 6, 'PINK AND BLUE FLOWER CAKE', NULL, 1, 'pink-and-blue-flower-cake', '2020-10-18 09:21:00', '2020-10-18 09:21:00'),
(255, 6, 'PINK AND GOLD CAKE', NULL, 1, 'pink-and-gold-cake', '2020-10-18 09:21:20', '2020-10-18 09:21:20'),
(256, 6, 'PINK AND GREY CROWN CAKE', NULL, 1, 'pink-and-grey-crown-cake', '2020-10-18 09:21:49', '2020-10-18 09:21:49'),
(257, 6, 'PINK DRAPE CAKE', NULL, 1, 'pink-drape-cake', '2020-10-18 09:22:11', '2020-10-18 09:22:11'),
(258, 6, 'PINK FLOWERS CAKE 2', NULL, 1, 'pink-flowers-cake-2', '2020-10-18 09:22:45', '2020-10-18 09:22:45'),
(259, 6, 'PINK FLOWERS CAKE 3', NULL, 1, 'pink-flowers-cake-3', '2020-10-18 09:23:02', '2020-10-18 09:23:02'),
(260, 6, 'PINK FLOWERS CAKE', NULL, 1, 'pink-flowers-cake', '2020-10-18 09:23:26', '2020-10-18 09:23:26'),
(261, 6, 'PINK LOL', NULL, 1, 'pink-lol', '2020-10-18 09:23:49', '2020-10-18 09:23:49'),
(262, 6, 'PJMASKS CAKE', NULL, 1, 'pjmasks-cake', '2020-10-18 09:25:04', '2020-10-18 09:25:04'),
(263, 6, 'POLKA DOTS 1ST BIRTHDAY CAKE', NULL, 1, 'polka-dots-1st-birthday-cake', '2020-10-18 09:25:26', '2020-10-18 09:25:26'),
(264, 6, 'Princess Carriage', NULL, 1, 'princess-carriage', '2020-10-18 09:25:52', '2020-10-18 09:25:52'),
(265, 6, 'PRINCESS CROWN CAKE', NULL, 1, 'princess-crown-cake', '2020-10-18 09:26:20', '2020-10-18 09:26:20'),
(266, 6, 'PRINCESS TIARA CAKE', NULL, 1, 'princess-tiara-cake', '2020-10-18 09:26:46', '2020-10-18 09:26:46'),
(267, 6, 'Princess', NULL, 1, 'princess', '2020-10-18 09:27:03', '2020-10-18 09:27:03'),
(268, 6, 'PRINCESSES TIARA CAKE', NULL, 1, 'princesses-tiara-cake', '2020-10-18 09:27:24', '2020-10-18 09:27:24'),
(269, 6, 'PURPLE AND GOLD CAKE', NULL, 1, 'purple-and-gold-cake', '2020-10-18 09:27:42', '2020-10-18 09:27:42'),
(270, 6, 'PURPLE DRIP 10TH BIRTHDAY CAKE', NULL, 1, 'purple-drip-10th-birthday-cake', '2020-10-18 09:27:59', '2020-10-18 09:27:59'),
(271, 6, 'RAINBOW CAKE', NULL, 1, 'rainbow-cake', '2020-10-18 09:28:15', '2020-10-18 09:28:15'),
(272, 6, 'SHOPKINS CAKE', NULL, 1, 'shopkins-cake', '2020-10-18 09:28:31', '2020-10-18 09:28:31'),
(273, 6, 'SHOPKINS', NULL, 1, 'shopkins', '2020-10-18 09:28:48', '2020-10-18 09:28:48'),
(274, 6, 'STRIPY AND FLOWERY CAKE', NULL, 1, 'stripy-and-flowery-cake', '2020-10-18 09:29:09', '2020-10-18 09:29:09'),
(275, 6, 'STRIPY COLOURED CAKE', NULL, 1, 'stripy-coloured-cake', '2020-10-18 09:29:26', '2020-10-18 09:29:26'),
(276, 6, 'STRIPY GYMNAST', NULL, 1, 'stripy-gymnast', '2020-10-18 09:29:48', '2020-10-18 09:29:48'),
(277, 6, 'SUNFLOWER CAKE', NULL, 1, 'sunflower-cake', '2020-10-18 09:30:10', '2020-10-18 09:30:10'),
(278, 6, 'SUNSHINE CAKE', NULL, 1, 'sunshine-cake', '2020-10-18 09:30:29', '2020-10-18 09:30:29'),
(279, 6, 'SUNSHINE CAKE', NULL, 1, 'sunshine-cake-1', '2020-10-18 09:30:29', '2020-10-18 09:30:29'),
(280, 6, 'SWEET SIXTEEN CAKE', NULL, 1, 'sweet-sixteen-cake', '2020-10-18 09:30:48', '2020-10-18 09:30:48'),
(281, 6, 'TEDDY BEAR CAKE', NULL, 1, 'teddy-bear-cake', '2020-10-18 09:31:12', '2020-10-18 09:31:12'),
(282, 6, 'TICTOK', NULL, 1, 'tictok', '2020-10-18 09:31:35', '2020-10-18 09:31:35'),
(283, 6, 'TIERED DOTS CAKE', NULL, 1, 'tiered-dots-cake', '2020-10-18 09:31:54', '2020-10-18 09:31:54'),
(284, 6, 'TIERED PINK AND PURPLE CAKE', NULL, 1, 'tiered-pink-and-purple-cake', '2020-10-18 09:32:12', '2020-10-18 09:32:12'),
(285, 6, 'TWO IN ONE CAKE', NULL, 1, 'two-in-one-cake', '2020-10-18 09:32:30', '2020-10-18 09:32:30'),
(286, 6, 'UNICORN DRIP CAKE', NULL, 1, 'unicorn-drip-cake', '2020-10-18 09:32:51', '2020-10-18 09:32:51'),
(287, 6, 'UNICORN HEAD CAKE', NULL, 1, 'unicorn-head-cake', '2020-10-18 09:33:07', '2020-10-18 09:33:07'),
(288, 6, 'WINTER WONDERLAND', NULL, 1, 'winter-wonderland', '2020-10-18 09:33:25', '2020-10-18 09:33:25'),
(289, 6, 'WONDER WOMAN CAKE', NULL, 1, 'wonder-woman-cake', '2020-10-18 09:33:40', '2020-10-18 09:33:40'),
(290, 6, 'WONDER WOMAN', NULL, 1, 'wonder-woman', '2020-10-18 09:33:55', '2020-10-18 09:33:55'),
(291, 6, 'YELLOW CHOCOLATE DRIP CAKE', NULL, 1, 'yellow-chocolate-drip-cake', '2020-10-18 09:34:11', '2020-10-18 09:34:11'),
(292, 7, 'BLUE AND GOLD LACE CAKE', NULL, 1, 'blue-and-gold-lace-cake', '2020-10-18 09:34:40', '2020-10-18 09:34:40'),
(293, 7, 'COLOUR FLOWER CAKE', NULL, 1, 'colour-flower-cake', '2020-10-18 09:34:59', '2020-10-18 09:34:59'),
(294, 7, 'CUSHION CAKE', NULL, 1, 'cushion-cake', '2020-10-18 09:35:18', '2020-10-18 09:35:18'),
(295, 7, 'DRIP CAKE', NULL, 1, 'drip-cake-1', '2020-10-18 09:35:34', '2020-10-18 09:35:34'),
(296, 7, 'FIFTIETH GOLD CAKE', NULL, 1, 'fiftieth-gold-cake', '2020-10-18 09:35:46', '2020-10-18 09:35:46'),
(297, 6, 'FIFTIETH RUFFLES CAKE', NULL, 1, 'fiftieth-ruffles-cake', '2020-10-18 09:36:06', '2020-10-18 09:36:06'),
(298, 7, 'FIFTY BIRTHDAY CAKE', NULL, 1, 'fifty-birthday-cake', '2020-10-18 09:37:18', '2020-10-18 09:37:18'),
(299, 7, 'FLORAL CAKE', NULL, 1, 'floral-cake', '2020-10-18 09:37:33', '2020-10-18 09:37:33'),
(300, 7, 'FLOWERY CAKE', NULL, 1, 'flowery-cake', '2020-10-18 09:37:49', '2020-10-18 09:37:49'),
(301, 7, 'FORTIETH POLKA CAKE', NULL, 1, 'fortieth-polka-cake', '2020-10-18 09:38:19', '2020-10-18 09:38:19'),
(302, 7, 'FORTIETH SEQUENCE CAKE 2', NULL, 1, 'fortieth-sequence-cake-2', '2020-10-18 09:38:36', '2020-10-18 09:38:36'),
(303, 7, 'FORTIETH SEQUENCE CAKE 3', NULL, 1, 'fortieth-sequence-cake-3', '2020-10-18 09:38:55', '2020-10-18 09:38:55'),
(304, 7, 'FORTIETH SEQUENCE CAKE', NULL, 1, 'fortieth-sequence-cake', '2020-10-18 09:39:18', '2020-10-18 09:39:18'),
(305, 7, 'FORTY AND FABULOUS FLOWER CAKE', NULL, 1, 'forty-and-fabulous-flower-cake', '2020-10-18 09:39:36', '2020-10-18 09:39:36'),
(306, 7, 'GOLD AND BROWN CAKE 2', NULL, 1, 'gold-and-brown-cake-2', '2020-10-18 09:39:56', '2020-10-18 09:39:56'),
(307, 7, 'GOLD AND BROWN CAKE', NULL, 1, 'gold-and-brown-cake', '2020-10-18 09:40:11', '2020-10-18 09:40:11'),
(308, 7, 'GOLD AND CORAL CAKE', NULL, 1, 'gold-and-coral-cake', '2020-10-18 09:40:29', '2020-10-18 09:40:29'),
(309, 7, 'GOLD LACE CAKE 2', NULL, 1, 'gold-lace-cake-2', '2020-10-18 09:40:59', '2020-10-18 09:40:59'),
(310, 7, 'GOLD LACE CAKE', NULL, 1, 'gold-lace-cake', '2020-10-18 09:41:27', '2020-10-18 09:41:27'),
(311, 7, 'GOLD ROSE CAKE', NULL, 1, 'gold-rose-cake', '2020-10-18 09:41:46', '2020-10-18 09:41:46'),
(312, 7, 'HEART SHAPED CAKE', NULL, 1, 'heart-shaped-cake-1', '2020-10-18 09:42:10', '2020-10-18 09:42:10'),
(313, 7, 'QUILTED CAKE', NULL, 1, 'quilted-cake', '2020-10-18 09:42:32', '2020-10-18 09:42:32'),
(314, 7, 'ROSE GOLD FLOWER CAKE', NULL, 1, 'rose-gold-flower-cake', '2020-10-18 09:42:53', '2020-10-18 09:42:53'),
(315, 7, 'RUBY CAKE', NULL, 1, 'ruby-cake', '2020-10-18 09:43:09', '2020-10-18 09:43:09'),
(316, 7, 'SIXTY AND BOLD CAKE 2', NULL, 1, 'sixty-and-bold-cake-2', '2020-10-18 09:43:50', '2020-10-18 09:43:50'),
(317, 7, 'SIXTY AND BOLD CAKE', NULL, 1, 'sixty-and-bold-cake', '2020-10-18 09:44:11', '2020-10-18 09:44:11'),
(318, 7, 'STRIPY FLORAL CAKE', NULL, 2, 'stripy-floral-cake', '2020-10-18 09:44:32', '2020-10-18 09:57:43'),
(319, 7, 'STRIPY POLKA CAKE', NULL, 1, 'stripy-polka-cake', '2020-10-18 09:44:55', '2020-10-18 09:44:55'),
(320, 7, 'SWEET SIXTEEN CAKE', NULL, 1, 'sweet-sixteen-cake-1', '2020-10-18 09:45:14', '2020-10-18 09:45:14'),
(321, 7, 'TIERED CUSHION CAKE', NULL, 1, 'tiered-cushion-cake', '2020-10-18 09:45:40', '2020-10-18 09:45:40'),
(322, 7, 'TIERED FLOWER CAKE', NULL, 1, 'tiered-flower-cake', '2020-10-18 09:46:04', '2020-10-18 09:46:04'),
(323, 7, 'TIERED POLKA AND LEAVE CAKE 2', NULL, 1, 'tiered-polka-and-leave-cake-2', '2020-10-18 09:46:26', '2020-10-18 09:46:26'),
(324, 7, 'TIERED POLKA AND LEAVE CAKE', NULL, 1, 'tiered-polka-and-leave-cake', '2020-10-18 09:46:43', '2020-10-18 09:46:43'),
(325, 7, 'TIERED POLKA CAKE', NULL, 1, 'tiered-polka-cake', '2020-10-18 09:47:02', '2020-10-18 09:47:02'),
(326, 7, 'TIERED VINTAGE LACE CAKE', NULL, 1, 'tiered-vintage-lace-cake', '2020-10-18 09:47:24', '2020-10-18 09:47:24'),
(327, 7, 'VINTAGE LACE CAKE 2', NULL, 1, 'vintage-lace-cake-2', '2020-10-18 09:47:38', '2020-10-18 09:47:38'),
(328, 7, 'VINTAGE LACE CAKE', NULL, 1, 'vintage-lace-cake', '2020-10-18 09:47:58', '2020-10-18 09:47:58'),
(329, 7, 'WHITE AND GOLD CUSHION CAKE', NULL, 1, 'white-and-gold-cushion-cake', '2020-10-18 09:48:14', '2020-10-18 09:48:14'),
(330, 7, 'WHITE AND GOLD FIFTIETH CAKE', NULL, 1, 'white-and-gold-fiftieth-cake', '2020-10-18 09:48:31', '2020-10-18 09:48:31'),
(331, 7, 'WINKY BOW CAKE', NULL, 1, 'winky-bow-cake', '2020-10-18 09:48:50', '2020-10-18 09:48:50'),
(332, 7, 'YELLOW LACE CAKE', NULL, 1, 'yellow-lace-cake', '2020-10-18 09:49:09', '2020-10-18 09:49:09'),
(333, 6, 'MAKE - UP CAKE', NULL, 2, 'make-up-cake', '2020-10-18 09:56:25', '2020-10-18 09:56:44');

-- --------------------------------------------------------

--
-- Table structure for table `profiles`
--

CREATE TABLE `profiles` (
  `id` int(10) UNSIGNED NOT NULL,
  `user_id` int(10) UNSIGNED NOT NULL,
  `fname` varchar(225) COLLATE utf8mb4_unicode_ci NOT NULL,
  `lname` varchar(225) COLLATE utf8mb4_unicode_ci NOT NULL,
  `phone` varchar(225) COLLATE utf8mb4_unicode_ci DEFAULT NULL,
  `postcode` varchar(225) COLLATE utf8mb4_unicode_ci DEFAULT NULL,
  `city` varchar(225) COLLATE utf8mb4_unicode_ci DEFAULT NULL,
  `country` varchar(225) COLLATE utf8mb4_unicode_ci DEFAULT NULL,
  `street` varchar(225) COLLATE utf8mb4_unicode_ci DEFAULT NULL,
  `fax` varchar(225) COLLATE utf8mb4_unicode_ci DEFAULT NULL,
  `created_at` timestamp NULL DEFAULT NULL,
  `updated_at` timestamp NULL DEFAULT NULL
) ENGINE=MyISAM DEFAULT CHARSET=utf8mb4 COLLATE=utf8mb4_unicode_ci;

--
-- Dumping data for table `profiles`
--

INSERT INTO `profiles` (`id`, `user_id`, `fname`, `lname`, `phone`, `postcode`, `city`, `country`, `street`, `fax`, `created_at`, `updated_at`) VALUES
(1, 1, 'Cakeries', 'Admin', '', '', '', '', '', '', '2020-10-05 05:07:52', '2020-10-05 05:07:52'),
(2, 2, 'Lola', 'James', '07956798250', 'N1 2BT', 'London', 'United Kingdom', 'Bowling green', '', '2020-10-07 16:52:02', '2020-10-07 16:54:48'),
(3, 3, 'MNwuJoVZfmW', 'BRAJuNTebkoa', '4769956508', 'xOKqbNDFSQHvrc', 'qEXUfMZztQYBwHsu', 'CJqrSFbsDi', 'MfwVuOhULan', '', '2020-10-13 19:04:44', '2020-10-13 19:04:58'),
(5, 5, 'nurat', 'odufowoke', '', '', '', '', '', '', '2020-10-13 22:32:35', '2020-10-13 22:32:35'),
(6, 6, 'gift', 'isaac', '09035820637', '100001', 'abule egba', 'nigeria', '5 obada ekiti street off olaniyi', '', '2020-10-13 22:35:52', '2020-10-15 13:28:19'),
(7, 7, 'zUENbRAyXFwrfdp', 'vqMAgoOPpG', '9192407869', 'dJtkUNLfhRHx', 'FwZqIoBAM', 'FdSTIgoZVYaDw', 'LnvxyJmbc', '', '2020-11-09 21:57:11', '2020-11-09 21:57:25'),
(8, 8, 'olu', 'sodipe', '07508919110', 'SE8 5rz', 'London', 'United Kingdom', 'Flat 9 Pendennis house rainsborough Avenue. London SE8 5RZ', '', '2020-11-14 23:53:47', '2020-11-14 23:55:01'),
(9, 9, 'VtWHYSPObq', 'ZRkTchgnoI', '8517861918', 'QhyXWZNCK', 'awszmVUy', 'DynPrHig', 'pSCuEFRd', '', '2020-12-27 16:58:52', '2020-12-27 16:59:32'),
(10, 10, 'upqhUrnQDNdERb', 'IEsWrnxUwouz', '4682184058', 'wSRoHTnUb', 'nKATZwHdzqI', 'zHSNGnWiteDK', 'LIfCZOckrThGvQN', '', '2021-01-11 07:21:37', '2021-01-11 07:21:50'),
(11, 11, 'TawNthyJ', 'snSNkMgDlmvfq', '8502522953', 'oRAYnCeg', 'mXtJQiCfuDx', 'jCbTfkOKZeYhR', 'nGLoecqPxwHmFfX', '', '2021-02-09 19:32:00', '2021-02-09 19:33:26'),
(12, 12, 'NgiGvsMbLeWdDUw', 'oYkwQpgSPf', '2255624410', 'yNuFrcqwfKaCmh', 'oOHNUEYXGu', 'kWgfUDFVdTZOe', 'vUagxMoeuJhEw', '', '2021-02-22 16:07:54', '2021-02-22 16:09:17'),
(13, 13, 'phGfXFMKvDL', 'CYTvfjaUPklxVpde', '', '', '', '', '', '', '2021-03-19 16:28:44', '2021-03-19 16:28:44'),
(14, 14, 'CRkEOZptcwNqvG', 'GwVtigbxyMJfusH', '', '', '', '', '', '', '2021-04-23 03:08:50', '2021-04-23 03:08:50'),
(15, 15, 'Joanie', 'day', '07927339222', 'SE26 4JA', 'Sydenham', 'London', '44B Mayow road', '', '2021-05-17 10:56:35', '2021-05-17 10:57:14'),
(16, 16, 'xKbClZScq', 'bVSFABnydclYZo', '7021641169', 'SuPLjOYtxRBoiMfw', 'IBLclJvoVge', 'qLMTlaxFm', 'KhmEyDGuAbQeTXp', '', '2021-06-10 01:15:44', '2021-06-10 01:16:11'),
(17, 17, 'EclbuiYJXDmoaZRS', 'PzZXiKSWxaOgMwEr', '5494889390', 'cmnrRjyBQVSMxDqL', 'WYJlHuMmpvQRtsZ', 'mlHvpQRurEwNMsVP', 'rHtkbUIxfLs', '', '2021-06-16 10:00:15', '2021-06-16 10:01:19'),
(18, 18, 'IYqJMwsrKESl', 'iOnYparUZHGM', '9233551643', 'tqesLZIoXhPwBcDy', 'yauCwbifGW', 'cmarOAsKBn', 'TuSVfyDzbIHop', '', '2021-07-04 07:59:13', '2021-07-04 07:59:39'),
(19, 19, 'nBUdHmzSWZ', 'cNkxgbOdf', '', '', '', '', '', '', '2021-07-11 12:12:17', '2021-07-11 12:12:17'),
(20, 20, 'DpXCwGPJTKFxBgrc', 'uSFTaYwPhjod', '', '', '', '', '', '', '2021-10-01 07:26:09', '2021-10-01 07:26:09'),
(21, 21, 'gLDrWQyfGMBUFhs', 'vxYdabhFQV', '', '', '', '', '', '', '2021-11-17 14:37:36', '2021-11-17 14:37:36'),
(22, 22, 'nLbQZwpIV', 'ABHGznrToNs', '4486413474', 'KLrbBnCkOcp', 'kLPlKfuNXpZBxRhO', 'hmSAjgzd', 'CtDJEMgOkYHzNUip', '', '2021-12-18 21:18:48', '2021-12-18 21:19:32'),
(23, 23, 'Funmi', 'Olomo', '07951417348', 'DA5 1EN', 'London', 'UK', '48 Arbuthnot Lane', '', '2021-12-20 18:52:10', '2021-12-20 18:55:12'),
(24, 24, 'REcAVJwaDmIMbU', 'wGgMlxKIOqCbj', '', '', '', '', '', '', '2022-01-09 02:15:50', '2022-01-09 02:15:50'),
(25, 25, 'fDwZMtkbpLxRlC', 'nTFEXKwQC', '8601614038', 'VXASTlyeOPHqcf', 'hJrnNwbGKpPtfUAs', 'IiUbwBkaxKSWQ', 'xhvceEZBCPiYfwK', '', '2022-01-20 09:46:13', '2022-01-20 09:47:06'),
(26, 26, 'XMCvpVeKGcrJa', 'kcVKnuIBv', '3660085318', 'bENlzQDjcaTFJoPk', 'JCWqYnhlRxz', 'IgXCMqAobHcYGnpK', 'LwtKqjkMmH', '', '2022-01-28 09:23:31', '2022-01-28 09:24:30'),
(27, 27, 'NbCRZampTB', 'lEXfrJSdvFiBUNWZ', '4891011818', 'Dqwdnxsh', 'vSVGJcwQ', 'pFjTisXylevR', 'aABIqmQK', '', '2022-02-13 02:07:49', '2022-02-13 02:08:45'),
(28, 28, 'jemRAJCZytFgxBpz', 'QvUEMRYmplW', '3454324606', 'KJolhuqwHMYIpn', 'nNsMARUSfcvb', 'aWVUEBrdTKMYmv', 'UwcipeSVHdD', '', '2022-02-21 23:32:40', '2022-02-21 23:33:26');

-- --------------------------------------------------------

--
-- Table structure for table `users`
--

CREATE TABLE `users` (
  `id` int(10) UNSIGNED NOT NULL,
  `email` varchar(225) COLLATE utf8mb4_unicode_ci NOT NULL,
  `password` varchar(225) COLLATE utf8mb4_unicode_ci NOT NULL,
  `role_id` int(11) NOT NULL,
  `remember_token` varchar(100) COLLATE utf8mb4_unicode_ci DEFAULT NULL,
  `created_at` timestamp NULL DEFAULT NULL,
  `updated_at` timestamp NULL DEFAULT NULL
) ENGINE=MyISAM DEFAULT CHARSET=utf8mb4 COLLATE=utf8mb4_unicode_ci;

--
-- Dumping data for table `users`
--

INSERT INTO `users` (`id`, `email`, `password`, `role_id`, `remember_token`, `created_at`, `updated_at`) VALUES
(1, 'admin@cakeries.co.uk', '$2y$10$Msl5PIBbQtii3hIbclUrKeYIWK/Fi4uFQecV2lSvGXw8WLXfZBNBG', 1, NULL, '2020-10-05 05:07:52', '2020-10-05 05:07:52'),
(2, 'funajb@gmail.com', '$2y$10$5JoVSgEgahtP4Vt70ANER.xyiw04Jyyb8Vn3L1Dbq4jxrsnt7Hh4i', 2, NULL, '2020-10-07 16:52:02', '2020-10-07 16:52:02'),
(3, 'doorsrirusspea2017@gmail.com', '$2y$10$PHUXFs8m2v8TJfTiXarf2.vpd2eGoQU42rICay4Vr0OMcIFxEfu2e', 2, NULL, '2020-10-13 19:04:44', '2020-10-13 19:04:44'),
(5, 'omokereoluwabujade@gmail.com', '$2y$10$pWNKteLhdrLYRrTvB2up6OETQ2nKXH1.TFvbewTBppw.1SOOnd9oe', 2, NULL, '2020-10-13 22:32:35', '2020-10-13 22:32:35'),
(6, 'isaacgift70@gmail.com', '$2y$10$YcIrYoRbMyg1nph/yoIKjOfR4rWv003H0fgM3340.nwOYZFSijX9q', 2, NULL, '2020-10-13 22:35:52', '2020-10-13 22:35:52'),
(7, 'markdean8111@gmail.com', '$2y$10$QSeDE3VOiuP4EZ0b46kHiOV2aG.GnciJsGHB3gKEuODyBvQT79oQ2', 2, NULL, '2020-11-09 21:57:11', '2020-11-09 21:57:11'),
(8, 'olurodipe@yahoo.co.uk', '$2y$10$vHJmVAwRwPw9iDSCP2qxNOo7wCGfMs4t231yEQBllW9iRkD8B7ufa', 2, NULL, '2020-11-14 23:53:47', '2020-11-14 23:53:47'),
(9, 'gordonnewman9917@gmail.com', '$2y$10$4Z6JZLaPoT1yxwaUXAX4VOUjZpjiCb7lzd8RJIJm6UGtkhAo7dDZ6', 2, NULL, '2020-12-27 16:58:52', '2020-12-27 16:58:52'),
(10, 'josephgilbert762@gmail.com', '$2y$10$mHXCPoMW4Spb2a2zSKd3l.K373Gf4qI0WlsttQ.h5rvwomljrKOS2', 2, NULL, '2021-01-11 07:21:37', '2021-01-11 07:21:37'),
(11, 'columbusqgya45@gmail.com', '$2y$10$sN4UeJN.4gtQWOcHb5qVvuR2qnZueSfh6B6LUHw7gNoWTybw.ATUa', 2, NULL, '2021-02-09 19:32:00', '2021-02-09 19:32:00'),
(12, 'robertmcdowell3956@gmail.com', '$2y$10$KbZbTn9OI1FoV2xs91YMQuoGxEdogDnP6ZQsod2HcdKa0nyun7lDy', 2, NULL, '2021-02-22 16:07:54', '2021-02-22 16:07:54'),
(13, 'charlesnorris1411@gmail.com', '$2y$10$F4jUl4FMP8WQjdWha9uNX.hVKJDlV.W8mQUPGCQn41PVuaQSdR7Da', 2, NULL, '2021-03-19 16:28:44', '2021-03-19 16:28:44'),
(14, 'adamthomas6329@gmail.com', '$2y$10$N1lK8b2oNTmRwRbJxYngeeoYOhpdZ0RwtYwo6ZOO7OPfaS4gnsdSC', 2, NULL, '2021-04-23 03:08:50', '2021-04-23 03:08:50'),
(15, 'free_two_joan_1993@hotmail.co.uk', '$2y$10$6Dm1c1BTtjknERWSuvyLB.8DJUZz/Y1t8ngC4M76mpHH.6TGb8esm', 2, NULL, '2021-05-17 10:56:35', '2021-05-17 10:56:35'),
(16, 'johnbridges6720@gmail.com', '$2y$10$ivxJJzB4yrLlttOASi5EM.GEp3iHYpIyKEUsOXA.Z6p7q4BjouCJW', 2, NULL, '2021-06-10 01:15:44', '2021-06-10 01:15:44'),
(17, 'blaisemason73@gmail.com', '$2y$10$46ocH/DyygKCKvNWCrZscuK3cYzRm6cqP6QXHZXGNtP2RHutbVcl.', 2, NULL, '2021-06-16 10:00:15', '2021-06-16 10:00:15'),
(18, 'babagkaker@gmail.com', '$2y$10$sY9wPIoHa/li4Ts/XuPlaO9BVtRH4PzAC5XSjFmDO6VgMEKnQuTYa', 2, NULL, '2021-07-04 07:59:13', '2021-07-04 07:59:13'),
(19, 'yana.moryaeva89@gmail.com', '$2y$10$zyVrWTDeiSzHTxJAFbTz6eH1gMfWtjIEoWduLTIJSgG/TozabyHKq', 2, NULL, '2021-07-11 12:12:17', '2021-07-11 12:12:17'),
(20, 'christelwfopk23@gmail.com', '$2y$10$813/noLy.Wlj52IsHF31Ku97.KyFkZ7V45XXnXTuR2.GUVehRwLQa', 2, NULL, '2021-10-01 07:26:09', '2021-10-01 07:26:09'),
(21, 'LucaspReidFo@gmail.com', '$2y$10$MS3NUoQhbvUDTBQTW2ksb.e7GaausTEGY4qx57fZb9y2Z7kViDNti', 2, NULL, '2021-11-17 14:37:36', '2021-11-17 14:37:36'),
(22, 'negarrabiei7032@gmail.com', '$2y$10$659BZ.GFnafFWW1sYcEVw.x0IIy9zTLFv1yGSeXHeFbKsKGo9lZbC', 2, NULL, '2021-12-18 21:18:48', '2021-12-18 21:18:48'),
(23, 'sharpress@icloud.com', '$2y$10$ms6a4ekYFwMIDqXGbRFWR.a6PA8G/zvkaNBRdjqQrDycB7j7JfCjG', 2, NULL, '2021-12-20 18:52:10', '2021-12-20 18:52:10'),
(24, 'crossmatilda658@gmail.com', '$2y$10$sB1dxd3Z3kZWX66KXaDDr.AU4oIv/t4pHnqLXo5Z8tRzTPikBRceC', 2, NULL, '2022-01-09 02:15:49', '2022-01-09 02:15:49'),
(25, 'carrollcrss@gmail.com', '$2y$10$21wGctbrab68uXTRM5CeWeUMOrO7naMtNn.lhoF0vQor3BGJ2VVdO', 2, NULL, '2022-01-20 09:46:13', '2022-01-20 09:46:13'),
(26, 'weberburgess287730@gmail.com', '$2y$10$tIECWx5VUbVQbHDMSA/sOeM6zyf7zJBwTRBJqKW.3CjTHScy9rK5u', 2, NULL, '2022-01-28 09:23:31', '2022-01-28 09:23:31'),
(27, 'doylezt.believes@gmail.com', '$2y$10$5LUUnwAmazftSTYTNcAoeOFPDxNqTHfp/Ninqo/EerPbqF57mXKgi', 2, NULL, '2022-02-13 02:07:49', '2022-02-13 02:07:49'),
(28, 'kjacksonfif@gmail.com', '$2y$10$CGIp5nUndXZlykPlOZ0jpOVG.sJT5tfn8CbrIWyaYf75bIleQaM9K', 2, NULL, '2022-02-21 23:32:40', '2022-02-21 23:32:40');

--
-- Indexes for dumped tables
--

--
-- Indexes for table `categories`
--
ALTER TABLE `categories`
  ADD PRIMARY KEY (`id`);

--
-- Indexes for table `contacts`
--
ALTER TABLE `contacts`
  ADD PRIMARY KEY (`id`);

--
-- Indexes for table `images`
--
ALTER TABLE `images`
  ADD PRIMARY KEY (`id`);

--
-- Indexes for table `migrations`
--
ALTER TABLE `migrations`
  ADD PRIMARY KEY (`id`);

--
-- Indexes for table `orders`
--
ALTER TABLE `orders`
  ADD PRIMARY KEY (`id`);

--
-- Indexes for table `password_resets`
--
ALTER TABLE `password_resets`
  ADD KEY `password_resets_email_index` (`email`(191));

--
-- Indexes for table `products`
--
ALTER TABLE `products`
  ADD PRIMARY KEY (`id`);

--
-- Indexes for table `profiles`
--
ALTER TABLE `profiles`
  ADD PRIMARY KEY (`id`);

--
-- Indexes for table `users`
--
ALTER TABLE `users`
  ADD PRIMARY KEY (`id`),
  ADD UNIQUE KEY `email` (`email`);

--
-- AUTO_INCREMENT for dumped tables
--

--
-- AUTO_INCREMENT for table `categories`
--
ALTER TABLE `categories`
  MODIFY `id` int(10) UNSIGNED NOT NULL AUTO_INCREMENT, AUTO_INCREMENT=8;

--
-- AUTO_INCREMENT for table `contacts`
--
ALTER TABLE `contacts`
  MODIFY `id` int(10) UNSIGNED NOT NULL AUTO_INCREMENT;

--
-- AUTO_INCREMENT for table `images`
--
ALTER TABLE `images`
  MODIFY `id` int(10) UNSIGNED NOT NULL AUTO_INCREMENT, AUTO_INCREMENT=334;

--
-- AUTO_INCREMENT for table `orders`
--
ALTER TABLE `orders`
  MODIFY `id` int(10) UNSIGNED NOT NULL AUTO_INCREMENT, AUTO_INCREMENT=3;

--
-- AUTO_INCREMENT for table `products`
--
ALTER TABLE `products`
  MODIFY `id` int(10) UNSIGNED NOT NULL AUTO_INCREMENT, AUTO_INCREMENT=334;

--
-- AUTO_INCREMENT for table `profiles`
--
ALTER TABLE `profiles`
  MODIFY `id` int(10) UNSIGNED NOT NULL AUTO_INCREMENT, AUTO_INCREMENT=29;

--
-- AUTO_INCREMENT for table `users`
--
ALTER TABLE `users`
  MODIFY `id` int(10) UNSIGNED NOT NULL AUTO_INCREMENT, AUTO_INCREMENT=29;
COMMIT;

/*!40101 SET CHARACTER_SET_CLIENT=@OLD_CHARACTER_SET_CLIENT */;
/*!40101 SET CHARACTER_SET_RESULTS=@OLD_CHARACTER_SET_RESULTS */;
/*!40101 SET COLLATION_CONNECTION=@OLD_COLLATION_CONNECTION */;
